INSERT INTO badge_info (badge_name, badge_filename, badge_url, quadrant, time_period, franchise, reference) VALUES ("Bozeman Banner A", "Bozeman-Banner-A.png", "https://startrekdesignproject.com/symbols/bozeman-banner-a/", "Alpha", "2300s", "Lower Decks", "S03E01 Grounded");
INSERT IGNORE INTO badge_affiliation (badge_filename, affiliation_name) VALUES ("Bozeman-Banner-A.png", "Earth");
INSERT IGNORE INTO badge_affiliation (badge_filename, affiliation_name) VALUES ("Bozeman-Banner-A.png", "Historical Bozeman");
INSERT IGNORE INTO badge_type (badge_filename, type_name) VALUES ("Bozeman-Banner-A.png", "Flag/Banner");
INSERT IGNORE INTO badge_type (badge_filename, type_name) VALUES ("Bozeman-Banner-A.png", "Commerce");
INSERT IGNORE INTO badge_universe (badge_filename, universe_name) VALUES ("Bozeman-Banner-A.png", "Prime");
INSERT INTO badge_info (badge_name, badge_filename, badge_url, quadrant, time_period, franchise, reference) VALUES ("Bozeman Banner B", "Bozeman-Banner-B.png", "https://startrekdesignproject.com/symbols/bozeman-banner-b/", "Alpha", "2300s", "Lower Decks", "S03E01 Grounded");
INSERT IGNORE INTO badge_affiliation (badge_filename, affiliation_name) VALUES ("Bozeman-Banner-B.png", "Earth");
INSERT IGNORE INTO badge_affiliation (badge_filename, affiliation_name) VALUES ("Bozeman-Banner-B.png", "Historical Bozeman");
INSERT IGNORE INTO badge_type (badge_filename, type_name) VALUES ("Bozeman-Banner-B.png", "Flag/Banner");
INSERT IGNORE INTO badge_type (badge_filename, type_name) VALUES ("Bozeman-Banner-B.png", "Commerce");
INSERT IGNORE INTO badge_universe (badge_filename, universe_name) VALUES ("Bozeman-Banner-B.png", "Prime");
INSERT INTO badge_info (badge_name, badge_filename, badge_url, quadrant, time_period, franchise, reference) VALUES ("Bozeman Banner C", "Bozeman-Banner-C.png", "https://startrekdesignproject.com/symbols/bozeman-banner-c/", "Alpha", "2300s", "Lower Decks", "S03E01 Grounded");
INSERT IGNORE INTO badge_affiliation (badge_filename, affiliation_name) VALUES ("Bozeman-Banner-C.png", "Earth");
INSERT IGNORE INTO badge_affiliation (badge_filename, affiliation_name) VALUES ("Bozeman-Banner-C.png", "Historical Bozeman");
INSERT IGNORE INTO badge_type (badge_filename, type_name) VALUES ("Bozeman-Banner-C.png", "Flag/Banner");
INSERT IGNORE INTO badge_type (badge_filename, type_name) VALUES ("Bozeman-Banner-C.png", "Commerce");
INSERT IGNORE INTO badge_universe (badge_filename, universe_name) VALUES ("Bozeman-Banner-C.png", "Prime");
INSERT INTO badge_info (badge_name, badge_filename, badge_url, quadrant, time_period, franchise, reference) VALUES ("Devron 500 Poster", "Devron-500.png", "https://startrekdesignproject.com/symbols/devron-500-poster/", "Alpha", "2300s", "Lower Decks", "S03E05 Reflections");
INSERT IGNORE INTO badge_type (badge_filename, type_name) VALUES ("Devron-500.png", "Sign/Poster");
INSERT IGNORE INTO badge_universe (badge_filename, universe_name) VALUES ("Devron-500.png", "Prime");
INSERT INTO badge_info (badge_name, badge_filename, badge_url, quadrant, time_period, franchise, reference) VALUES ("First Contact Fun Zone", "First-Contact-Fun-Zone-Banner.png", "https://startrekdesignproject.com/symbols/first-contact-fun-zone/", "Alpha", "2300s", "Lower Decks", "S03E01 Grounded");
INSERT IGNORE INTO badge_affiliation (badge_filename, affiliation_name) VALUES ("First-Contact-Fun-Zone-Banner.png", "Earth");
INSERT IGNORE INTO badge_affiliation (badge_filename, affiliation_name) VALUES ("First-Contact-Fun-Zone-Banner.png", "Historical Bozeman");
INSERT IGNORE INTO badge_type (badge_filename, type_name) VALUES ("First-Contact-Fun-Zone-Banner.png", "Flag/Banner");
INSERT IGNORE INTO badge_type (badge_filename, type_name) VALUES ("First-Contact-Fun-Zone-Banner.png", "Commerce");
INSERT IGNORE INTO badge_universe (badge_filename, universe_name) VALUES ("First-Contact-Fun-Zone-Banner.png", "Prime");
INSERT INTO badge_info (badge_name, badge_filename, badge_url, quadrant, time_period, franchise, reference) VALUES ("Phoenix Experience Ride", "Phoenix-Experience-Ride.png", "https://startrekdesignproject.com/symbols/phoenix-experience-ride/", "Alpha", "2300s", "Lower Decks", "S03E01 Grounded");
INSERT IGNORE INTO badge_affiliation (badge_filename, affiliation_name) VALUES ("Phoenix-Experience-Ride.png", "Earth");
INSERT IGNORE INTO badge_affiliation (badge_filename, affiliation_name) VALUES ("Phoenix-Experience-Ride.png", "Historical Bozeman");
INSERT IGNORE INTO badge_type (badge_filename, type_name) VALUES ("Phoenix-Experience-Ride.png", "Commerce");
INSERT IGNORE INTO badge_universe (badge_filename, universe_name) VALUES ("Phoenix-Experience-Ride.png", "Prime");
INSERT INTO badge_info (badge_name, badge_filename, badge_url, quadrant, time_period, franchise, reference) VALUES ("Phylosian Translator", "Phylosian-Translator.png", "https://startrekdesignproject.com/symbols/phylosian-translator/", "Alpha", "2200s", "TAS", "S01E07 The Infinite Vulcan");
INSERT IGNORE INTO badge_type (badge_filename, type_name) VALUES ("Phylosian-Translator.png", "Insignia");
INSERT IGNORE INTO badge_universe (badge_filename, universe_name) VALUES ("Phylosian-Translator.png", "Prime");
INSERT INTO badge_info (badge_name, badge_filename, badge_url, quadrant, time_period, franchise, reference) VALUES ("Quark 2000", "Quark-2000.png", "https://startrekdesignproject.com/symbols/quark-2000/", "Alpha", "2300s", "Lower Decks", "S03E06 Hear All, Trust Nothing");
INSERT IGNORE INTO badge_affiliation (badge_filename, affiliation_name) VALUES ("Quark-2000.png", "Ferengi Alliance");
INSERT IGNORE INTO badge_affiliation (badge_filename, affiliation_name) VALUES ("Quark-2000.png", "Quark");
INSERT IGNORE INTO badge_type (badge_filename, type_name) VALUES ("Quark-2000.png", "Commerce");
INSERT IGNORE INTO badge_universe (badge_filename, universe_name) VALUES ("Quark-2000.png", "Prime");
INSERT INTO badge_info (badge_name, badge_filename, badge_url, quadrant, time_period, franchise, reference) VALUES ("Quark's Bar B (DS9)", "Quark_s-Bar-B.png", "https://startrekdesignproject.com/symbols/quark-s-bar-b/", "Alpha", "2300s", "Lower Decks", "S03E06 Hear All, Trust Nothing");
INSERT IGNORE INTO badge_affiliation (badge_filename, affiliation_name) VALUES ("Quark_s-Bar-B.png", "Ferengi Alliance");
INSERT IGNORE INTO badge_affiliation (badge_filename, affiliation_name) VALUES ("Quark_s-Bar-B.png", "Quark");
INSERT IGNORE INTO badge_type (badge_filename, type_name) VALUES ("Quark_s-Bar-B.png", "Commerce");
INSERT IGNORE INTO badge_universe (badge_filename, universe_name) VALUES ("Quark_s-Bar-B.png", "Prime");
INSERT INTO badge_info (badge_name, badge_filename, badge_url, quadrant, time_period, franchise, reference) VALUES ("Quark's Bar a (DS9)", "Quark_s-Bar-A.png", "https://startrekdesignproject.com/symbols/quark-s-bar-a/", "Alpha", "2300s", "Lower Decks", "S03E06 Hear All, Trust Nothing");
INSERT IGNORE INTO badge_affiliation (badge_filename, affiliation_name) VALUES ("Quark_s-Bar-A.png", "Ferengi Alliance");
INSERT IGNORE INTO badge_affiliation (badge_filename, affiliation_name) VALUES ("Quark_s-Bar-A.png", "Quark");
INSERT IGNORE INTO badge_type (badge_filename, type_name) VALUES ("Quark_s-Bar-A.png", "Commerce");
INSERT IGNORE INTO badge_universe (badge_filename, universe_name) VALUES ("Quark_s-Bar-A.png", "Prime");
INSERT INTO badge_info (badge_name, badge_filename, badge_url, quadrant, time_period, franchise, reference) VALUES ("Quark's Pennant", "Quark_s-Pennant.png", "https://startrekdesignproject.com/symbols/quark-s-pennant/", "Alpha", "2300s", "Lower Decks", "S03E06 Hear All, Trust Nothing");
INSERT IGNORE INTO badge_affiliation (badge_filename, affiliation_name) VALUES ("Quark_s-Pennant.png", "Ferengi Alliance");
INSERT IGNORE INTO badge_affiliation (badge_filename, affiliation_name) VALUES ("Quark_s-Pennant.png", "Quark");
INSERT IGNORE INTO badge_type (badge_filename, type_name) VALUES ("Quark_s-Pennant.png", "Flag/Banner");
INSERT IGNORE INTO badge_type (badge_filename, type_name) VALUES ("Quark_s-Pennant.png", "Commerce");
INSERT IGNORE INTO badge_universe (badge_filename, universe_name) VALUES ("Quark_s-Pennant.png", "Prime");
INSERT INTO badge_info (badge_name, badge_filename, badge_url, quadrant, time_period, franchise, reference) VALUES ("Shango X-1 Mission Patch", "Shango-Mission-Patch.png", "https://startrekdesignproject.com/symbols/shango-mission-patch/", "Alpha", "2000s", "Picard", "S02E10 Farewell");
INSERT IGNORE INTO badge_affiliation (badge_filename, affiliation_name) VALUES ("Shango-Mission-Patch.png", "Earth");
INSERT IGNORE INTO badge_affiliation (badge_filename, affiliation_name) VALUES ("Shango-Mission-Patch.png", "Europa Mission");
INSERT IGNORE INTO badge_type (badge_filename, type_name) VALUES ("Shango-Mission-Patch.png", "Mission Patch");
INSERT IGNORE INTO badge_universe (badge_filename, universe_name) VALUES ("Shango-Mission-Patch.png", "Prime");
