INSERT INTO badge_info (badge_name, badge_filename, badge_url, quadrant, time_period, franchise, reference) VALUES ("Bat'leths and BiHnuchs", "Bat_leths-and-Bihnuchs.png", "https://startrekdesignproject.com/symbols/bat-leths-and-bihnuchs/", "Beta", "2300s", "Lower Decks", "S03E02 The Least Dangerous Game");
INSERT IGNORE INTO badge_affiliation (badge_filename, affiliation_name) VALUES ("Bat_leths-and-Bihnuchs.png", "Klingon Empire");
INSERT IGNORE INTO badge_type (badge_filename, type_name) VALUES ("Bat_leths-and-Bihnuchs.png", "Commerce");
INSERT IGNORE INTO badge_universe (badge_filename, universe_name) VALUES ("Bat_leths-and-Bihnuchs.png", "Prime");
INSERT INTO badge_info (badge_name, badge_filename, badge_url, quadrant, time_period, franchise, reference) VALUES ("Cardassian Judiciary", "Cardassian-Judiciary.png", "https://startrekdesignproject.com/symbols/cardassian-judiciary/", "Alpha", "2300s", "Deep Space 9", "S02E25 Tribunal");
INSERT IGNORE INTO badge_affiliation (badge_filename, affiliation_name) VALUES ("Cardassian-Judiciary.png", "Cardassian Union");
INSERT IGNORE INTO badge_type (badge_filename, type_name) VALUES ("Cardassian-Judiciary.png", "Law Enforcement");
INSERT IGNORE INTO badge_universe (badge_filename, universe_name) VALUES ("Cardassian-Judiciary.png", "Prime");
INSERT INTO badge_info (badge_name, badge_filename, badge_url, quadrant, time_period, franchise, reference) VALUES ("Deacon's Bar", "Deacon_s-Bar.png", "https://startrekdesignproject.com/symbols/deacon-s-bar/", "Alpha", "2000s", "Picard", "S02E07 Monsters");
INSERT IGNORE INTO badge_affiliation (badge_filename, affiliation_name) VALUES ("Deacon_s-Bar.png", "Earth");
INSERT IGNORE INTO badge_type (badge_filename, type_name) VALUES ("Deacon_s-Bar.png", "Commerce");
INSERT IGNORE INTO badge_universe (badge_filename, universe_name) VALUES ("Deacon_s-Bar.png", "Prime");
INSERT INTO badge_info (badge_name, badge_filename, badge_url, quadrant, time_period, franchise, reference) VALUES ("Dulainian", "Dulainian.png", "https://startrekdesignproject.com/symbols/dulainian/", "Alpha", "2300s", "Lower Decks", "S03E02 The Least Dangerous Game""");
INSERT IGNORE INTO badge_type (badge_filename, type_name) VALUES ("Dulainian.png", "Species/Civilization");
INSERT IGNORE INTO badge_universe (badge_filename, universe_name) VALUES ("Dulainian.png", "Prime");
INSERT INTO badge_info (badge_name, badge_filename, badge_url, quadrant, time_period, franchise, reference) VALUES ("Federation News Network (FNN) 2380s", "FNN-2380s.png", "https://startrekdesignproject.com/symbols/federation-news-network-fnn-2380s/", "Alpha", "2300s", "Lower Decks", "S03E01 Grounded");
INSERT IGNORE INTO badge_affiliation (badge_filename, affiliation_name) VALUES ("FNN-2380s.png", "UFP");
INSERT IGNORE INTO badge_type (badge_filename, type_name) VALUES ("FNN-2380s.png", "Media");
INSERT IGNORE INTO badge_universe (badge_filename, universe_name) VALUES ("FNN-2380s.png", "Prime");
INSERT INTO badge_info (badge_name, badge_filename, badge_url, quadrant, time_period, franchise, reference) VALUES ("Ketracel White-Hot", "Ketracel-White-Hot.png", "https://startrekdesignproject.com/symbols/ketracel-white-hot/", "Gamma", "2300s", "Lower Decks", "S03E01 Grounded""");
INSERT IGNORE INTO badge_affiliation (badge_filename, affiliation_name) VALUES ("Ketracel-White-Hot.png", "The Dominion");
INSERT IGNORE INTO badge_type (badge_filename, type_name) VALUES ("Ketracel-White-Hot.png", "Product");
INSERT IGNORE INTO badge_type (badge_filename, type_name) VALUES ("Ketracel-White-Hot.png", "Commerce");
INSERT IGNORE INTO badge_universe (badge_filename, universe_name) VALUES ("Ketracel-White-Hot.png", "Prime");
INSERT INTO badge_info (badge_name, badge_filename, badge_url, quadrant, time_period, franchise, reference) VALUES ("Kiley", "Kiley.png", "https://startrekdesignproject.com/symbols/kiley/", "Alpha", "2200s", "Strange New Worlds", "S01E01 Strange New Worlds");
INSERT IGNORE INTO badge_affiliation (badge_filename, affiliation_name) VALUES ("Kiley.png", "Kiley");
INSERT IGNORE INTO badge_type (badge_filename, type_name) VALUES ("Kiley.png", "Flag/Banner");
INSERT IGNORE INTO badge_universe (badge_filename, universe_name) VALUES ("Kiley.png", "Prime");
INSERT INTO badge_info (badge_name, badge_filename, badge_url, quadrant, time_period, franchise, reference) VALUES ("Kiley Flag A", "Kiley-Flag-A.png", "https://startrekdesignproject.com/symbols/kiley-flag-a/", "Alpha", "2200s", "Strange New Worlds", "S01E01 Strange New Worlds");
INSERT IGNORE INTO badge_affiliation (badge_filename, affiliation_name) VALUES ("Kiley-Flag-A.png", "Kiley");
INSERT IGNORE INTO badge_type (badge_filename, type_name) VALUES ("Kiley-Flag-A.png", "Flag/Banner");
INSERT IGNORE INTO badge_universe (badge_filename, universe_name) VALUES ("Kiley-Flag-A.png", "Prime");
INSERT INTO badge_info (badge_name, badge_filename, badge_url, quadrant, time_period, franchise, reference) VALUES ("Kiley Flag B", "Kiley-Flag-B.png", "https://startrekdesignproject.com/symbols/kiley-flag-b/", "Alpha", "2200s", "Strange New Worlds", "S01E01 Strange New Worlds");
INSERT IGNORE INTO badge_affiliation (badge_filename, affiliation_name) VALUES ("Kiley-Flag-B.png", "Kiley");
INSERT IGNORE INTO badge_type (badge_filename, type_name) VALUES ("Kiley-Flag-B.png", "Flag/Banner");
INSERT IGNORE INTO badge_universe (badge_filename, universe_name) VALUES ("Kiley-Flag-B.png", "Prime");
INSERT INTO badge_info (badge_name, badge_filename, badge_url, quadrant, time_period, franchise, reference) VALUES ("Kiley Flag C", "Kiley-Flag-C.png", "https://startrekdesignproject.com/symbols/kiley-flag-c/", "Alpha", "2200s", "Strange New Worlds", "S01E01 Strange New Worlds");
INSERT IGNORE INTO badge_affiliation (badge_filename, affiliation_name) VALUES ("Kiley-Flag-C.png", "Kiley");
INSERT IGNORE INTO badge_type (badge_filename, type_name) VALUES ("Kiley-Flag-C.png", "Flag/Banner");
INSERT IGNORE INTO badge_universe (badge_filename, universe_name) VALUES ("Kiley-Flag-C.png", "Prime");
INSERT INTO badge_info (badge_name, badge_filename, badge_url, quadrant, time_period, franchise, reference) VALUES ("Korob (Pyris VII)", "Korob.png", "https://startrekdesignproject.com/symbols/korob-pyris-vii/", "Alpha", "2200s", "TOS", "S02E01 Catspaw");
INSERT IGNORE INTO badge_type (badge_filename, type_name) VALUES ("Korob.png", "Species/Civilization");
INSERT IGNORE INTO badge_universe (badge_filename, universe_name) VALUES ("Korob.png", "Prime");
INSERT INTO badge_info (badge_name, badge_filename, badge_url, quadrant, time_period, franchise, reference) VALUES ("Photon Warhead Label", "Photon-Warhead-Label.png", "https://startrekdesignproject.com/symbols/photon-warhead-label/", "Alpha", "2300s", "Deep Space 9", "S02E25 Tribunal");
INSERT IGNORE INTO badge_affiliation (badge_filename, affiliation_name) VALUES ("Photon-Warhead-Label.png", "Starfleet");
INSERT IGNORE INTO badge_type (badge_filename, type_name) VALUES ("Photon-Warhead-Label.png", "Advisory");
INSERT IGNORE INTO badge_universe (badge_filename, universe_name) VALUES ("Photon-Warhead-Label.png", "Prime");
INSERT INTO badge_info (badge_name, badge_filename, badge_url, quadrant, time_period, franchise, reference) VALUES ("Q 2020s", "Q-2020s.png", "https://startrekdesignproject.com/symbols/q-2020s/", "Alpha", "2000s", "Picard", "S02E05 Fly Me to the Moon");
INSERT IGNORE INTO badge_affiliation (badge_filename, affiliation_name) VALUES ("Q-2020s.png", "Q");
INSERT IGNORE INTO badge_type (badge_filename, type_name) VALUES ("Q-2020s.png", "Species/Civilization");
INSERT IGNORE INTO badge_universe (badge_filename, universe_name) VALUES ("Q-2020s.png", "Prime");
INSERT INTO badge_info (badge_name, badge_filename, badge_url, quadrant, time_period, franchise, reference) VALUES ("Queen Neve", "Neve.png", "https://startrekdesignproject.com/symbols/queen-neve/", "Alpha", "2300s", "Strange New Worlds", "S01E08 The Elysian Kingdom");
INSERT IGNORE INTO badge_affiliation (badge_filename, affiliation_name) VALUES ("Neve.png", "Kingdom of Elysian");
INSERT IGNORE INTO badge_type (badge_filename, type_name) VALUES ("Neve.png", "Species/Civilization");
INSERT IGNORE INTO badge_universe (badge_filename, universe_name) VALUES ("Neve.png", "Prime");
INSERT INTO badge_info (badge_name, badge_filename, badge_url, quadrant, time_period, franchise, reference) VALUES ("Queen Neve Banner", "Neve-Banner.png", "https://startrekdesignproject.com/symbols/queen-neve-banner/", "Alpha", "2300s", "Strange New Worlds", "S01E08 The Elysian Kingdom");
INSERT IGNORE INTO badge_affiliation (badge_filename, affiliation_name) VALUES ("Neve-Banner.png", "Kingdom of Elysian");
INSERT IGNORE INTO badge_type (badge_filename, type_name) VALUES ("Neve-Banner.png", "Flag/Banner");
INSERT IGNORE INTO badge_universe (badge_filename, universe_name) VALUES ("Neve-Banner.png", "Prime");
INSERT INTO badge_info (badge_name, badge_filename, badge_url, quadrant, time_period, franchise, reference) VALUES ("Red Alert 2280s", "Alert-Condition-Red-2280s.png", "https://startrekdesignproject.com/symbols/red-alert-2280s/", "Alpha", "2200s", "Movies", "Star Trek The Motion Picture");
INSERT IGNORE INTO badge_affiliation (badge_filename, affiliation_name) VALUES ("Alert-Condition-Red-2280s.png", "Starfleet");
INSERT IGNORE INTO badge_type (badge_filename, type_name) VALUES ("Alert-Condition-Red-2280s.png", "Advisory");
INSERT IGNORE INTO badge_universe (badge_filename, universe_name) VALUES ("Alert-Condition-Red-2280s.png", "Prime");
INSERT INTO badge_info (badge_name, badge_filename, badge_url, quadrant, time_period, franchise, reference) VALUES ("Saurian Brandy 2400s", "Saurian-Brandy.png", "https://startrekdesignproject.com/symbols/saurian-brandy-2400s/", "Alpha", "2400s", "Picard", "S02E01 The Star Gazer");
INSERT IGNORE INTO badge_affiliation (badge_filename, affiliation_name) VALUES ("Saurian-Brandy.png", "Saurian");
INSERT IGNORE INTO badge_type (badge_filename, type_name) VALUES ("Saurian-Brandy.png", "Product");
INSERT IGNORE INTO badge_universe (badge_filename, universe_name) VALUES ("Saurian-Brandy.png", "Prime");
INSERT INTO badge_info (badge_name, badge_filename, badge_url, quadrant, time_period, franchise, reference) VALUES ("Shop Sign a (Qualor II)", "Shop-Sign-A-_Qualor-II.png", "https://startrekdesignproject.com/symbols/shop-sign-a-qualor-ii/", "Beta", "2300s", "Lower Decks", "S02E03 We'll Always Have Tom Paris");
INSERT IGNORE INTO badge_affiliation (badge_filename, affiliation_name) VALUES ("Shop-Sign-A-_Qualor-II.png", "Qualor II");
INSERT IGNORE INTO badge_type (badge_filename, type_name) VALUES ("Shop-Sign-A-_Qualor-II.png", "Commerce");
INSERT IGNORE INTO badge_universe (badge_filename, universe_name) VALUES ("Shop-Sign-A-_Qualor-II.png", "Prime");
INSERT INTO badge_info (badge_name, badge_filename, badge_url, quadrant, time_period, franchise, reference) VALUES ("Sisko's Creole Kitchen 2380s", "Siskos-Creole-Kitchen-2380s.png", "https://startrekdesignproject.com/symbols/sisko-s-creole-kitchen-1/", "Alpha", "2300s", "Lower Decks", "S03E01 Grounded");
INSERT IGNORE INTO badge_affiliation (badge_filename, affiliation_name) VALUES ("Siskos-Creole-Kitchen-2380s.png", "Earth");
INSERT IGNORE INTO badge_type (badge_filename, type_name) VALUES ("Siskos-Creole-Kitchen-2380s.png", "Commerce");
INSERT IGNORE INTO badge_universe (badge_filename, universe_name) VALUES ("Siskos-Creole-Kitchen-2380s.png", "Prime");
INSERT INTO badge_info (badge_name, badge_filename, badge_url, quadrant, time_period, franchise, reference) VALUES ("Spearhead Operations", "Spearhead-Operations.png", "https://startrekdesignproject.com/symbols/spearhead-operations/", "Alpha", "2000s", "Picard", "S02E05 Fly Me to the Moon");
INSERT IGNORE INTO badge_affiliation (badge_filename, affiliation_name) VALUES ("Spearhead-Operations.png", "Earth");
INSERT IGNORE INTO badge_type (badge_filename, type_name) VALUES ("Spearhead-Operations.png", "Seal/Shield");
INSERT IGNORE INTO badge_type (badge_filename, type_name) VALUES ("Spearhead-Operations.png", "Law Enforcement");
INSERT IGNORE INTO badge_universe (badge_filename, universe_name) VALUES ("Spearhead-Operations.png", "Prime");
INSERT INTO badge_info (badge_name, badge_filename, badge_url, quadrant, time_period, franchise, reference) VALUES ("Starfleet Informal 2400s", "Starfleet-Informal-2400s.png", "https://startrekdesignproject.com/symbols/starfleet-informal-2400s/", "Alpha", "2400s", "Picard", "S02E10 Farewell");
INSERT IGNORE INTO badge_affiliation (badge_filename, affiliation_name) VALUES ("Starfleet-Informal-2400s.png", "Starfleet");
INSERT IGNORE INTO badge_type (badge_filename, type_name) VALUES ("Starfleet-Informal-2400s.png", "Insignia");
INSERT IGNORE INTO badge_universe (badge_filename, universe_name) VALUES ("Starfleet-Informal-2400s.png", "Prime");
INSERT INTO badge_info (badge_name, badge_filename, badge_url, quadrant, time_period, franchise, reference) VALUES ("The New (Q)", "The-New.png", "https://startrekdesignproject.com/symbols/the-new-q/", "Alpha", "2300s", "Voyager", "S02E18 Death Wish");
INSERT IGNORE INTO badge_type (badge_filename, type_name) VALUES ("The-New.png", "Commerce");
INSERT IGNORE INTO badge_universe (badge_filename, universe_name) VALUES ("The-New.png", "Prime");
INSERT INTO badge_info (badge_name, badge_filename, badge_url, quadrant, time_period, franchise, reference) VALUES ("USS Enterprise Seal 2250s", "Enterprise-Seal-2250s.png", "https://startrekdesignproject.com/symbols/uss-enterprise-seal-2250s/", "Alpha", "2200s", "Strange New Worlds", "S01E03 Ghosts of Illyria");
INSERT IGNORE INTO badge_affiliation (badge_filename, affiliation_name) VALUES ("Enterprise-Seal-2250s.png", "Starfleet");
INSERT IGNORE INTO badge_type (badge_filename, type_name) VALUES ("Enterprise-Seal-2250s.png", "Seal/Shield");
INSERT IGNORE INTO badge_universe (badge_filename, universe_name) VALUES ("Enterprise-Seal-2250s.png", "Prime");
INSERT INTO badge_info (badge_name, badge_filename, badge_url, quadrant, time_period, franchise, reference) VALUES ("Zebulon Sisters", "Zebulan-Sisters.png", "https://startrekdesignproject.com/symbols/zebulon-sisters/", "Alpha", "2300s", "Lower Decks", "S02E03 We'll Always Have Tom Paris");
INSERT IGNORE INTO badge_type (badge_filename, type_name) VALUES ("Zebulan-Sisters.png", "Commerce");
INSERT IGNORE INTO badge_universe (badge_filename, universe_name) VALUES ("Zebulan-Sisters.png", "Prime");
