INSERT INTO badge_info (badge_name, badge_filename, badge_url, quadrant, time_period, franchise, reference) VALUES ("Barkonian Banner B", "Barkonian-Banner-B.png", "https://startrekdesignproject.com/symbols/barkonian-banner-b/", "Beta", "2300s", "The Next Generation", "S07E16 Thine Own Self");
INSERT IGNORE INTO badge_affiliation (badge_filename, affiliation_name) VALUES ("Barkonian-Banner-B.png", "Barkonian");
INSERT IGNORE INTO badge_type (badge_filename, type_name) VALUES ("Barkonian-Banner-B.png", "Flag/Banner");
INSERT IGNORE INTO badge_universe (badge_filename, universe_name) VALUES ("Barkonian-Banner-B.png", "Prime");
INSERT INTO badge_info (badge_name, badge_filename, badge_url, quadrant, time_period, franchise, reference) VALUES ("Barkonian Banner C", "Barkonian-Banner-C.png", "https://startrekdesignproject.com/symbols/barkonian-banner-c/", "Beta", "2300s", "The Next Generation", "S07E16 Thine Own Self");
INSERT IGNORE INTO badge_affiliation (badge_filename, affiliation_name) VALUES ("Barkonian-Banner-C.png", "Barkonian");
INSERT IGNORE INTO badge_type (badge_filename, type_name) VALUES ("Barkonian-Banner-C.png", "Flag/Banner");
INSERT IGNORE INTO badge_universe (badge_filename, universe_name) VALUES ("Barkonian-Banner-C.png", "Prime");
INSERT INTO badge_info (badge_name, badge_filename, badge_url, quadrant, time_period, franchise, reference) VALUES ("Components", "Repair-Services.png", "https://startrekdesignproject.com/symbols/starfleet-repair-division/", "Alpha", "2200s", "Strange New Worlds", "S01E06 Lift Us Where Suffering Cannot Reach");
INSERT IGNORE INTO badge_affiliation (badge_filename, affiliation_name) VALUES ("Repair-Services.png", "Starfleet");
INSERT IGNORE INTO badge_type (badge_filename, type_name) VALUES ("Repair-Services.png", "Pictogram");
INSERT IGNORE INTO badge_universe (badge_filename, universe_name) VALUES ("Repair-Services.png", "Prime");
INSERT INTO badge_info (badge_name, badge_filename, badge_url, quadrant, time_period, franchise, reference) VALUES ("King Ridley's Chamberlain", "King_s-Chamberlain.png", "https://startrekdesignproject.com/symbols/king-ridley-s-chamberlain/", "Alpha", "2200s", "Strange New Worlds", "S01E08 The Elysian Kingdom");
INSERT IGNORE INTO badge_affiliation (badge_filename, affiliation_name) VALUES ("King_s-Chamberlain.png", "Kingdom of Elysian");
INSERT IGNORE INTO badge_type (badge_filename, type_name) VALUES ("King_s-Chamberlain.png", "Insignia");
INSERT IGNORE INTO badge_universe (badge_filename, universe_name) VALUES ("King_s-Chamberlain.png", "Prime");
INSERT INTO badge_info (badge_name, badge_filename, badge_url, quadrant, time_period, franchise, reference) VALUES ("Quarren Poster", "Quarren-Poster.png", "https://startrekdesignproject.com/symbols/quarren-poster/", "Delta", "2300s", "Voyager", "S07E16 Workforce");
INSERT IGNORE INTO badge_affiliation (badge_filename, affiliation_name) VALUES ("Quarren-Poster.png", "Quarren");
INSERT IGNORE INTO badge_type (badge_filename, type_name) VALUES ("Quarren-Poster.png", "Sign-Poster");
INSERT IGNORE INTO badge_universe (badge_filename, universe_name) VALUES ("Quarren-Poster.png", "Prime");
INSERT INTO badge_info (badge_name, badge_filename, badge_url, quadrant, time_period, franchise, reference) VALUES ("Remembrance Day Pin (SS Puget Sound)", "Rememberance-Day-Pin-_Puget-Sound.png", "https://startrekdesignproject.com/symbols/remembrance-day-pin-ss-puget-sound/", "Alpha", "2200s", "Strange New Worlds", "S01E04 Memento Mori");
INSERT IGNORE INTO badge_affiliation (badge_filename, affiliation_name) VALUES ("Rememberance-Day-Pin-_Puget-Sound.png", "Starfleet");
INSERT IGNORE INTO badge_type (badge_filename, type_name) VALUES ("Rememberance-Day-Pin-_Puget-Sound.png", "Insignia");
INSERT IGNORE INTO badge_universe (badge_filename, universe_name) VALUES ("Rememberance-Day-Pin-_Puget-Sound.png", "Prime");
INSERT INTO badge_info (badge_name, badge_filename, badge_url, quadrant, time_period, franchise, reference) VALUES ("Remembrance Day Pin (USS Angelou)", "Rememberance-Day-Pin-_Angelou.png", "https://startrekdesignproject.com/symbols/remembrance-day-pin-uss-angelou/", "Alpha", "2200s", "Strange New Worlds", "S01E04 Memento Mori");
INSERT IGNORE INTO badge_affiliation (badge_filename, affiliation_name) VALUES ("Rememberance-Day-Pin-_Angelou.png", "Starfleet");
INSERT IGNORE INTO badge_type (badge_filename, type_name) VALUES ("Rememberance-Day-Pin-_Angelou.png", "Insignia");
INSERT IGNORE INTO badge_universe (badge_filename, universe_name) VALUES ("Rememberance-Day-Pin-_Angelou.png", "Prime");
INSERT INTO badge_info (badge_name, badge_filename, badge_url, quadrant, time_period, franchise, reference) VALUES ("Remembrance Day Pin (USS Antares)", "Rememberance-Day-Pin-_Antares.png", "https://startrekdesignproject.com/symbols/remembrance-day-pin-uss-antares/", "Alpha", "2200s", "Strange New Worlds", "S01E04 Memento Mori");
INSERT IGNORE INTO badge_affiliation (badge_filename, affiliation_name) VALUES ("Rememberance-Day-Pin-_Antares.png", "Starfleet");
INSERT IGNORE INTO badge_type (badge_filename, type_name) VALUES ("Rememberance-Day-Pin-_Antares.png", "Insignia");
INSERT IGNORE INTO badge_universe (badge_filename, universe_name) VALUES ("Rememberance-Day-Pin-_Antares.png", "Prime");
INSERT INTO badge_info (badge_name, badge_filename, badge_url, quadrant, time_period, franchise, reference) VALUES ("Remembrance Day Pin (USS Cuyahoga)", "Rememberance-Day-Pin-_Cuyahoga.png", "https://startrekdesignproject.com/symbols/remembrance-day-pin-uss-cuyahoga/", "Alpha", "2200s", "Strange New Worlds", "S01E04 Memento Mori");
INSERT IGNORE INTO badge_affiliation (badge_filename, affiliation_name) VALUES ("Rememberance-Day-Pin-_Cuyahoga.png", "Starfleet");
INSERT IGNORE INTO badge_type (badge_filename, type_name) VALUES ("Rememberance-Day-Pin-_Cuyahoga.png", "Insignia");
INSERT IGNORE INTO badge_universe (badge_filename, universe_name) VALUES ("Rememberance-Day-Pin-_Cuyahoga.png", "Prime");
INSERT INTO badge_info (badge_name, badge_filename, badge_url, quadrant, time_period, franchise, reference) VALUES ("Remembrance Day Pin (USS Discovery)", "Rememberance-Day-Pin-_Discovery.png", "https://startrekdesignproject.com/symbols/rememberance-day-pin-discovery/", "Alpha", "2200s", "Strange New Worlds", "S01E04 Memento Mori");
INSERT IGNORE INTO badge_affiliation (badge_filename, affiliation_name) VALUES ("Rememberance-Day-Pin-_Discovery.png", "Starfleet");
INSERT IGNORE INTO badge_type (badge_filename, type_name) VALUES ("Rememberance-Day-Pin-_Discovery.png", "Insignia");
INSERT IGNORE INTO badge_universe (badge_filename, universe_name) VALUES ("Rememberance-Day-Pin-_Discovery.png", "Prime");
INSERT INTO badge_info (badge_name, badge_filename, badge_url, quadrant, time_period, franchise, reference) VALUES ("Remembrance Day Pin (USS Excalibur)", "Rememberance-Day-Pin-_Excalibur.png", "https://startrekdesignproject.com/symbols/remembrance-day-pin-uss-excalibur/", "Alpha", "2200s", "Strange New Worlds", "S01E04 Memento Mori");
INSERT IGNORE INTO badge_affiliation (badge_filename, affiliation_name) VALUES ("Rememberance-Day-Pin-_Excalibur.png", "Starfleet");
INSERT IGNORE INTO badge_type (badge_filename, type_name) VALUES ("Rememberance-Day-Pin-_Excalibur.png", "Insignia");
INSERT IGNORE INTO badge_universe (badge_filename, universe_name) VALUES ("Rememberance-Day-Pin-_Excalibur.png", "Prime");
INSERT INTO badge_info (badge_name, badge_filename, badge_url, quadrant, time_period, franchise, reference) VALUES ("Remembrance Day Pin (USS Farragut)", "Rememberance-Day-Pin-_Farragut.png", "https://startrekdesignproject.com/symbols/remembrance-day-pin-uss-farragut/", "Alpha", "2200s", "Strange New Worlds", "S01E04 Memento Mori");
INSERT IGNORE INTO badge_affiliation (badge_filename, affiliation_name) VALUES ("Rememberance-Day-Pin-_Farragut.png", "Starfleet");
INSERT IGNORE INTO badge_type (badge_filename, type_name) VALUES ("Rememberance-Day-Pin-_Farragut.png", "Insignia");
INSERT IGNORE INTO badge_universe (badge_filename, universe_name) VALUES ("Rememberance-Day-Pin-_Farragut.png", "Prime");
INSERT INTO badge_info (badge_name, badge_filename, badge_url, quadrant, time_period, franchise, reference) VALUES ("Remembrance Day Pin (USS Gallant)", "Rememberance-Day-Pin-_Gallant.png", "https://startrekdesignproject.com/symbols/remembrance-day-pin-uss-gallant/", "Alpha", "2200s", "Strange New Worlds", "S01E04 Memento Mori");
INSERT IGNORE INTO badge_affiliation (badge_filename, affiliation_name) VALUES ("Rememberance-Day-Pin-_Gallant.png", "Starfleet");
INSERT IGNORE INTO badge_type (badge_filename, type_name) VALUES ("Rememberance-Day-Pin-_Gallant.png", "Insignia");
INSERT IGNORE INTO badge_universe (badge_filename, universe_name) VALUES ("Rememberance-Day-Pin-_Gallant.png", "Prime");
INSERT INTO badge_info (badge_name, badge_filename, badge_url, quadrant, time_period, franchise, reference) VALUES ("Remembrance Day Pin (USS Kongo)", "Rememberance-Day-Pin-_Kongo.png", "https://startrekdesignproject.com/symbols/remembrance-day-pin-uss-kongo/", "Alpha", "2200s", "Strange New Worlds", "S01E04 Memento Mori");
INSERT IGNORE INTO badge_affiliation (badge_filename, affiliation_name) VALUES ("Rememberance-Day-Pin-_Kongo.png", "Starfleet");
INSERT IGNORE INTO badge_type (badge_filename, type_name) VALUES ("Rememberance-Day-Pin-_Kongo.png", "Insignia");
INSERT IGNORE INTO badge_universe (badge_filename, universe_name) VALUES ("Rememberance-Day-Pin-_Kongo.png", "Prime");
INSERT INTO badge_info (badge_name, badge_filename, badge_url, quadrant, time_period, franchise, reference) VALUES ("Remembrance Day Pin (USS Palenque)", "Rememberance-Day-Pin-_Palenque.png", "https://startrekdesignproject.com/symbols/remembrance-day-pin-uss-palenque/", "Alpha", "2200s", "Strange New Worlds", "S01E04 Memento Mori");
INSERT IGNORE INTO badge_affiliation (badge_filename, affiliation_name) VALUES ("Rememberance-Day-Pin-_Palenque.png", "Starfleet");
INSERT IGNORE INTO badge_type (badge_filename, type_name) VALUES ("Rememberance-Day-Pin-_Palenque.png", "Insignia");
INSERT IGNORE INTO badge_universe (badge_filename, universe_name) VALUES ("Rememberance-Day-Pin-_Palenque.png", "Prime");
INSERT INTO badge_info (badge_name, badge_filename, badge_url, quadrant, time_period, franchise, reference) VALUES ("Remembrance Day Pin (USS Shenzhou)", "Rememberance-Day-Pin-_Shenzhou.png", "https://startrekdesignproject.com/symbols/remembrance-day-pin-uss-shenzhou/", "Alpha", "2200s", "Strange New Worlds", "S01E04 Memento Mori");
INSERT IGNORE INTO badge_affiliation (badge_filename, affiliation_name) VALUES ("Rememberance-Day-Pin-_Shenzhou.png", "Starfleet");
INSERT IGNORE INTO badge_type (badge_filename, type_name) VALUES ("Rememberance-Day-Pin-_Shenzhou.png", "Insignia");
INSERT IGNORE INTO badge_universe (badge_filename, universe_name) VALUES ("Rememberance-Day-Pin-_Shenzhou.png", "Prime");
INSERT INTO badge_info (badge_name, badge_filename, badge_url, quadrant, time_period, franchise, reference) VALUES ("Remembrance Day Pin (USS Yangtze)", "Rememberance-Day-Pin-_Yangtze.png", "https://startrekdesignproject.com/symbols/remembrance-day-pin-uss-yangtze/", "Alpha", "2200s", "Strange New Worlds", "S01E04 Memento Mori");
INSERT IGNORE INTO badge_affiliation (badge_filename, affiliation_name) VALUES ("Rememberance-Day-Pin-_Yangtze.png", "Starfleet");
INSERT IGNORE INTO badge_type (badge_filename, type_name) VALUES ("Rememberance-Day-Pin-_Yangtze.png", "Insignia");
INSERT IGNORE INTO badge_universe (badge_filename, universe_name) VALUES ("Rememberance-Day-Pin-_Yangtze.png", "Prime");
INSERT INTO badge_info (badge_name, badge_filename, badge_url, quadrant, time_period, franchise, reference) VALUES ("Retail Sign B (Qualor II)", "Retail-Sign-B-Qualor.png", "https://startrekdesignproject.com/symbols/retail-sign-b-qualor-ii/", "Beta", "2300s", "Lower Decks", "S02E03 We'll Always Have Tom Paris");
INSERT IGNORE INTO badge_affiliation (badge_filename, affiliation_name) VALUES ("Retail-Sign-B-Qualor.png", "Qualor II");
INSERT IGNORE INTO badge_type (badge_filename, type_name) VALUES ("Retail-Sign-B-Qualor.png", "Sign-Poster");
INSERT IGNORE INTO badge_universe (badge_filename, universe_name) VALUES ("Retail-Sign-B-Qualor.png", "Prime");
INSERT INTO badge_info (badge_name, badge_filename, badge_url, quadrant, time_period, franchise, reference) VALUES ("Retail Sign C (Qualor II)", "Retail-Sign-C-Qualor.png", "https://startrekdesignproject.com/symbols/retail-sign-c-qualor-ii/", "Beta", "2300s", "Lower Decks", "S02E03 We'll Always Have Tom Paris");
INSERT IGNORE INTO badge_affiliation (badge_filename, affiliation_name) VALUES ("Retail-Sign-C-Qualor.png", "Qualor II");
INSERT IGNORE INTO badge_type (badge_filename, type_name) VALUES ("Retail-Sign-C-Qualor.png", "Sign-Poster");
INSERT IGNORE INTO badge_type (badge_filename, type_name) VALUES ("Retail-Sign-C-Qualor.png", "Commerce");
INSERT IGNORE INTO badge_universe (badge_filename, universe_name) VALUES ("Retail-Sign-C-Qualor.png", "Prime");
INSERT INTO badge_info (badge_name, badge_filename, badge_url, quadrant, time_period, franchise, reference) VALUES ("Retail Sign D (Qualor II)", "Retail-Sign-D-Qualor.png", "https://startrekdesignproject.com/symbols/retail-sign-b-qualor-ii-1/", "Beta", "2300s", "Lower Decks", "S02E03 We'll Always Have Tom Paris");
INSERT IGNORE INTO badge_affiliation (badge_filename, affiliation_name) VALUES ("Retail-Sign-D-Qualor.png", "Qualor II");
INSERT IGNORE INTO badge_type (badge_filename, type_name) VALUES ("Retail-Sign-D-Qualor.png", "Sign-Poster");
INSERT IGNORE INTO badge_universe (badge_filename, universe_name) VALUES ("Retail-Sign-D-Qualor.png", "Prime");
INSERT INTO badge_info (badge_name, badge_filename, badge_url, quadrant, time_period, franchise, reference) VALUES ("Ship Directional (Alphabetic)", "Ship-Directional-_Alphabetic.png", "https://startrekdesignproject.com/symbols/ship-directional-alphabetic/", "Alpha", "2200s", "Movies", "Star Trek II The Wrath of Khan");
INSERT IGNORE INTO badge_affiliation (badge_filename, affiliation_name) VALUES ("Ship-Directional-_Alphabetic.png", "Starfleet");
INSERT IGNORE INTO badge_type (badge_filename, type_name) VALUES ("Ship-Directional-_Alphabetic.png", "Pictogram");
INSERT IGNORE INTO badge_universe (badge_filename, universe_name) VALUES ("Ship-Directional-_Alphabetic.png", "Prime");
INSERT INTO badge_info (badge_name, badge_filename, badge_url, quadrant, time_period, franchise, reference) VALUES ("Ship Directional (Numeric)", "Ship-Directional-_Numeric.png", "https://startrekdesignproject.com/symbols/ship-directional-numeric/", "Alpha", "2200s", "Movies", "Star Trek VI The Undiscovered Country");
INSERT IGNORE INTO badge_affiliation (badge_filename, affiliation_name) VALUES ("Ship-Directional-_Numeric.png", "Starfleet");
INSERT IGNORE INTO badge_type (badge_filename, type_name) VALUES ("Ship-Directional-_Numeric.png", "Pictogram");
INSERT IGNORE INTO badge_universe (badge_filename, universe_name) VALUES ("Ship-Directional-_Numeric.png", "Prime");
INSERT INTO badge_info (badge_name, badge_filename, badge_url, quadrant, time_period, franchise, reference) VALUES ("Starfleet Vaccine Supplies", "Starfleet-Vaccine-Supplies.png", "https://startrekdesignproject.com/symbols/starfleet-vaccine-supplies/", "Alpha", "2200s", "Strange New Worlds", "S01E07 The Serene Squall");
INSERT IGNORE INTO badge_affiliation (badge_filename, affiliation_name) VALUES ("Starfleet-Vaccine-Supplies.png", "Starfleet");
INSERT IGNORE INTO badge_type (badge_filename, type_name) VALUES ("Starfleet-Vaccine-Supplies.png", "Medical");
INSERT IGNORE INTO badge_universe (badge_filename, universe_name) VALUES ("Starfleet-Vaccine-Supplies.png", "Prime");
INSERT INTO badge_info (badge_name, badge_filename, badge_url, quadrant, time_period, franchise, reference) VALUES ("Storm Alert", "Storm-Alert.png", "https://startrekdesignproject.com/symbols/storm-alert/", "Alpha", "2300s", "Lower Decks", "S02E04 Mugato, Gumato");
INSERT IGNORE INTO badge_affiliation (badge_filename, affiliation_name) VALUES ("Storm-Alert.png", "Starfleet");
INSERT IGNORE INTO badge_type (badge_filename, type_name) VALUES ("Storm-Alert.png", "Advisory");
INSERT IGNORE INTO badge_universe (badge_filename, universe_name) VALUES ("Storm-Alert.png", "Prime");
INSERT INTO badge_info (badge_name, badge_filename, badge_url, quadrant, time_period, franchise, reference) VALUES ("Tamarian Mead", "Tamarian-Mead.png", "https://startrekdesignproject.com/symbols/tamarian-mead/", "Alpha", "2300s", "Lower Decks", "S03E06 Hear All, Trust Nothing");
INSERT IGNORE INTO badge_type (badge_filename, type_name) VALUES ("Tamarian-Mead.png", "Product");
INSERT IGNORE INTO badge_type (badge_filename, type_name) VALUES ("Tamarian-Mead.png", "Commerce");
INSERT IGNORE INTO badge_universe (badge_filename, universe_name) VALUES ("Tamarian-Mead.png", "Prime");
INSERT INTO badge_info (badge_name, badge_filename, badge_url, quadrant, time_period, franchise, reference) VALUES ("USS Protostar Crew", "USS-Protostar-Crew.png", "https://startrekdesignproject.com/symbols/uss-protostar-crew/", "Alpha", "None", "Prodigy", "S01E04 Dream Catcher");
INSERT IGNORE INTO badge_affiliation (badge_filename, affiliation_name) VALUES ("USS-Protostar-Crew.png", "Starfleet");
INSERT IGNORE INTO badge_type (badge_filename, type_name) VALUES ("USS-Protostar-Crew.png", "Insignia");
INSERT IGNORE INTO badge_universe (badge_filename, universe_name) VALUES ("USS-Protostar-Crew.png", "Prime");
