INSERT INTO badge_info (badge_name, badge_filename, badge_url, quadrant, time_period, franchise, reference) VALUES ("Arctic One", "Arctic-One.png", "https://startrekdesignproject.com/symbols/arctic-one/", "Alpha", "2100s", "Enterprise", "S02E23 Regeneration");
INSERT IGNORE INTO badge_affiliation (badge_filename, affiliation_name) VALUES ("Arctic-One.png", "Earth");
INSERT IGNORE INTO badge_type (badge_filename, type_name) VALUES ("Arctic-One.png", "Science/Research");
INSERT IGNORE INTO badge_type (badge_filename, type_name) VALUES ("Arctic-One.png", "Starship");
INSERT IGNORE INTO badge_universe (badge_filename, universe_name) VALUES ("Arctic-One.png", "Prime");
INSERT INTO badge_info (badge_name, badge_filename, badge_url, quadrant, time_period, franchise, reference) VALUES ("Barkonian", "Barkonian.png", "https://startrekdesignproject.com/symbols/barkonian/", "Beta", "2300s", "The Next Generation", "S07E16 Thine Own Self");
INSERT IGNORE INTO badge_affiliation (badge_filename, affiliation_name) VALUES ("Barkonian.png", "Barkonian");
INSERT IGNORE INTO badge_type (badge_filename, type_name) VALUES ("Barkonian.png", "Species/Civilization");
INSERT IGNORE INTO badge_universe (badge_filename, universe_name) VALUES ("Barkonian.png", "Prime");
INSERT INTO badge_info (badge_name, badge_filename, badge_url, quadrant, time_period, franchise, reference) VALUES ("Barkonian Banner A", "Barkonian-Banner-A.png", "https://startrekdesignproject.com/symbols/barkonian-banner-a/", "Beta", "2300s", "The Next Generation", "S07E16 Thine Own Self");
INSERT IGNORE INTO badge_affiliation (badge_filename, affiliation_name) VALUES ("Barkonian-Banner-A.png", "Barkonian");
INSERT IGNORE INTO badge_type (badge_filename, type_name) VALUES ("Barkonian-Banner-A.png", "Flag/Banner");
INSERT IGNORE INTO badge_universe (badge_filename, universe_name) VALUES ("Barkonian-Banner-A.png", "Prime");
INSERT INTO badge_info (badge_name, badge_filename, badge_url, quadrant, time_period, franchise, reference) VALUES ("Barkonian Shield", "Barkonian-Shield.png", "https://startrekdesignproject.com/symbols/barkonian-shield/", "Beta", "2300s", "The Next Generation", "S07E16 Thine Own Self");
INSERT IGNORE INTO badge_affiliation (badge_filename, affiliation_name) VALUES ("Barkonian-Shield.png", "Barkonian");
INSERT IGNORE INTO badge_type (badge_filename, type_name) VALUES ("Barkonian-Shield.png", "Seal/Shield");
INSERT IGNORE INTO badge_universe (badge_filename, universe_name) VALUES ("Barkonian-Shield.png", "Prime");
INSERT INTO badge_info (badge_name, badge_filename, badge_url, quadrant, time_period, franchise, reference) VALUES ("Cardassian Judicial Banner", "Cardassian-Judicial-Banner.png", "https://startrekdesignproject.com/symbols/cardassian-judicial-banner/", "Alpha", "2300s", "Deep Space 9", "S02E25 Tribunal");
INSERT IGNORE INTO badge_affiliation (badge_filename, affiliation_name) VALUES ("Cardassian-Judicial-Banner.png", "Cardassian Union");
INSERT IGNORE INTO badge_type (badge_filename, type_name) VALUES ("Cardassian-Judicial-Banner.png", "Flag/Banner");
INSERT IGNORE INTO badge_universe (badge_filename, universe_name) VALUES ("Cardassian-Judicial-Banner.png", "Prime");
INSERT INTO badge_info (badge_name, badge_filename, badge_url, quadrant, time_period, franchise, reference) VALUES ("Darwin Genetic Research Station", "Darwin-Research-Center.png", "https://startrekdesignproject.com/symbols/darwin-genetic-research-station/", "Alpha", "2300s", "The Next Generation", "S02E07 Unnatural Selection");
INSERT IGNORE INTO badge_affiliation (badge_filename, affiliation_name) VALUES ("Darwin-Research-Center.png", "Starfleet");
INSERT IGNORE INTO badge_type (badge_filename, type_name) VALUES ("Darwin-Research-Center.png", "Research/Science");
INSERT IGNORE INTO badge_universe (badge_filename, universe_name) VALUES ("Darwin-Research-Center.png", "Prime");
INSERT INTO badge_info (badge_name, badge_filename, badge_url, quadrant, time_period, franchise, reference) VALUES ("FNN Press Badge 2380s", "FNN-Press-Badge.png", "https://startrekdesignproject.com/symbols/fnn-press-badge-2380s/", "Alpha", "2300s", "Lower Decks", "S03E09 Trusted Sources");
INSERT IGNORE INTO badge_affiliation (badge_filename, affiliation_name) VALUES ("FNN-Press-Badge.png", "UFP");
INSERT IGNORE INTO badge_type (badge_filename, type_name) VALUES ("FNN-Press-Badge.png", "Media");
INSERT IGNORE INTO badge_universe (badge_filename, universe_name) VALUES ("FNN-Press-Badge.png", "Prime");
INSERT INTO badge_info (badge_name, badge_filename, badge_url, quadrant, time_period, franchise, reference) VALUES ("Kiley Seal", "Kiley-Seal.png", "https://startrekdesignproject.com/symbols/kiley-seal/", "Alpha", "2200s", "Strange New Worlds", "S01E01 Strange New Worlds");
INSERT IGNORE INTO badge_affiliation (badge_filename, affiliation_name) VALUES ("Kiley-Seal.png", "Kiley");
INSERT IGNORE INTO badge_type (badge_filename, type_name) VALUES ("Kiley-Seal.png", "Seal/Shield");
INSERT IGNORE INTO badge_universe (badge_filename, universe_name) VALUES ("Kiley-Seal.png", "Prime");
INSERT INTO badge_info (badge_name, badge_filename, badge_url, quadrant, time_period, franchise, reference) VALUES ("Kiley Security Patch", "Kiley-Security-Patch.png", "https://startrekdesignproject.com/symbols/kiley-security-patch/", "Beta", "2200s", "Strange New Worlds", "S01E01 Strange New Worlds");
INSERT IGNORE INTO badge_affiliation (badge_filename, affiliation_name) VALUES ("Kiley-Security-Patch.png", "Kiley");
INSERT IGNORE INTO badge_type (badge_filename, type_name) VALUES ("Kiley-Security-Patch.png", "Law Enforcement");
INSERT IGNORE INTO badge_universe (badge_filename, universe_name) VALUES ("Kiley-Security-Patch.png", "Prime");
INSERT INTO badge_info (badge_name, badge_filename, badge_url, quadrant, time_period, franchise, reference) VALUES ("King Ridley", "King-Ridley.png", "https://startrekdesignproject.com/symbols/king-ridley/", "Alpha", "2200s", "Strange New Worlds", "S01E08 Elysian Kingdom");
INSERT IGNORE INTO badge_affiliation (badge_filename, affiliation_name) VALUES ("King-Ridley.png", "Kingdom of Elysian");
INSERT IGNORE INTO badge_type (badge_filename, type_name) VALUES ("King-Ridley.png", "Species/Civilization");
INSERT IGNORE INTO badge_universe (badge_filename, universe_name) VALUES ("King-Ridley.png", "Prime");
INSERT INTO badge_info (badge_name, badge_filename, badge_url, quadrant, time_period, franchise, reference) VALUES ("King Ridley Banner", "King-Ridley-Banner.png", "https://startrekdesignproject.com/symbols/king-ridley-banner/", "Alpha", "2200s", "Strange New Worlds", "S01E08 Elysian Kingdom");
INSERT IGNORE INTO badge_affiliation (badge_filename, affiliation_name) VALUES ("King-Ridley-Banner.png", "Kingdom of Elysian");
INSERT IGNORE INTO badge_type (badge_filename, type_name) VALUES ("King-Ridley-Banner.png", "Flag/Banner");
INSERT IGNORE INTO badge_universe (badge_filename, universe_name) VALUES ("King-Ridley-Banner.png", "Prime");
INSERT INTO badge_info (badge_name, badge_filename, badge_url, quadrant, time_period, franchise, reference) VALUES ("Quarren Security Insignia", "Quorran-Security.png", "https://startrekdesignproject.com/symbols/quarren-security-insignia/", "Delta", "2300s", "Voyager", "S07E16 Workforce");
INSERT IGNORE INTO badge_affiliation (badge_filename, affiliation_name) VALUES ("Quorran-Security.png", "Quarren");
INSERT IGNORE INTO badge_type (badge_filename, type_name) VALUES ("Quorran-Security.png", "Insignia");
INSERT IGNORE INTO badge_universe (badge_filename, universe_name) VALUES ("Quorran-Security.png", "Prime");
INSERT INTO badge_info (badge_name, badge_filename, badge_url, quadrant, time_period, franchise, reference) VALUES ("Quarren Security Patch", "Quarren-Security-Patch.png", "https://startrekdesignproject.com/symbols/quarren-security-patch/", "Delta", "2300s", "Voyager", "S07E17 Workforce, Part II");
INSERT IGNORE INTO badge_affiliation (badge_filename, affiliation_name) VALUES ("Quarren-Security-Patch.png", "Quarren");
INSERT IGNORE INTO badge_type (badge_filename, type_name) VALUES ("Quarren-Security-Patch.png", "Mission Patch");
INSERT IGNORE INTO badge_universe (badge_filename, universe_name) VALUES ("Quarren-Security-Patch.png", "Prime");
INSERT INTO badge_info (badge_name, badge_filename, badge_url, quadrant, time_period, franchise, reference) VALUES ("Romulan Centurian", "Romulan-Centurian.png", "https://startrekdesignproject.com/symbols/romulan-centurian/", "Beta", "2200s", "TOS", "S01E07 Balance of Terror");
INSERT IGNORE INTO badge_affiliation (badge_filename, affiliation_name) VALUES ("Romulan-Centurian.png", "Romulan Star Empire");
INSERT IGNORE INTO badge_type (badge_filename, type_name) VALUES ("Romulan-Centurian.png", "Insignia");
INSERT IGNORE INTO badge_universe (badge_filename, universe_name) VALUES ("Romulan-Centurian.png", "Prime");
INSERT INTO badge_info (badge_name, badge_filename, badge_url, quadrant, time_period, franchise, reference) VALUES ("The Old (Q)", "The-Old.png", "https://startrekdesignproject.com/symbols/the-old-q/", "Alpha", "2300s", "Voyager", "S02E18 Death Wish");
INSERT IGNORE INTO badge_affiliation (badge_filename, affiliation_name) VALUES ("The-Old.png", "Q");
INSERT IGNORE INTO badge_type (badge_filename, type_name) VALUES ("The-Old.png", "Commerce");
INSERT IGNORE INTO badge_universe (badge_filename, universe_name) VALUES ("The-Old.png", "Prime");
INSERT INTO badge_info (badge_name, badge_filename, badge_url, quadrant, time_period, franchise, reference) VALUES ("United Federation of Planets (UFP) Diplomatic Insignia", "Federation-Diplomatic-Comunicator-Pin.png", "https://startrekdesignproject.com/symbols/united-federation-of-planets-ufp-diplomatic-insignia/", "Alpha", "2400s", "Picard", "S02E01 The Star Gazer");
INSERT IGNORE INTO badge_affiliation (badge_filename, affiliation_name) VALUES ("Federation-Diplomatic-Comunicator-Pin.png", "UFP");
INSERT IGNORE INTO badge_type (badge_filename, type_name) VALUES ("Federation-Diplomatic-Comunicator-Pin.png", "Insignia");
INSERT IGNORE INTO badge_universe (badge_filename, universe_name) VALUES ("Federation-Diplomatic-Comunicator-Pin.png", "Prime");
