INSERT INTO badge_info (badge_name, badge_filename, badge_url, quadrant, time_period, franchise, reference) VALUES ("N'ob's", "N'ob's.png", "https://www.startrekdesignproject.com/symbols/n-ob-s", "Beta", "2300s", "Lower Decks", "S05E05 Starbase 80?!");
INSERT IGNORE INTO badge_affiliation (badge_filename, affiliation_name) VALUES ("N'ob's.png", "Starbase 80");
INSERT IGNORE INTO badge_type (badge_filename, type_name) VALUES ("N'ob's.png", "Commerce");
INSERT IGNORE INTO badge_universe (badge_filename, universe_name) VALUES ("N'ob's.png", "Prime");
INSERT INTO badge_info (badge_name, badge_filename, badge_url, quadrant, time_period, franchise, reference) VALUES ("Klingon Spirits 2380s", "Klingon-Spirits-2380s.png", "https://www.startrekdesignproject.com/symbols/klingon-spirits-2380s", "Beta", "2300s", "Lower Decks", "S05E04 A Farewell To Farms");
INSERT IGNORE INTO badge_affiliation (badge_filename, affiliation_name) VALUES ("Klingon-Spirits-2380s.png", "Klingon Empire");
INSERT IGNORE INTO badge_type (badge_filename, type_name) VALUES ("Klingon-Spirits-2380s.png", "Product");
INSERT IGNORE INTO badge_type (badge_filename, type_name) VALUES ("Klingon-Spirits-2380s.png", "Commerce");
INSERT IGNORE INTO badge_universe (badge_filename, universe_name) VALUES ("Klingon-Spirits-2380s.png", "Prime");
INSERT INTO badge_info (badge_name, badge_filename, badge_url, quadrant, time_period, franchise, reference) VALUES ("Starbase 80", "Starbase-80.png", "https://www.startrekdesignproject.com/symbols/starbase-80", "Beta", "2300s", "Lower Decks", "S05E09 Fissure Quest");
INSERT IGNORE INTO badge_affiliation (badge_filename, affiliation_name) VALUES ("Starbase-80.png", "Starfleet");
INSERT IGNORE INTO badge_type (badge_filename, type_name) VALUES ("Starbase-80.png", "Mission Patch");
INSERT IGNORE INTO badge_universe (badge_filename, universe_name) VALUES ("Starbase-80.png", "Prime");
INSERT INTO badge_info (badge_name, badge_filename, badge_url, quadrant, time_period, franchise, reference) VALUES ("Federation Banner 2250s (United Earth)", "Federation-Banner-2250s-(United-Earth).png", "https://www.startrekdesignproject.com/symbols/federation-banner-2250s-united-earth", "Alpha", "2200s", "Strange New Worlds", "S02E02  Ad Astra per Aspera");
INSERT IGNORE INTO badge_affiliation (badge_filename, affiliation_name) VALUES ("Federation-Banner-2250s-(United-Earth).png", "UFP");
INSERT IGNORE INTO badge_affiliation (badge_filename, affiliation_name) VALUES ("Federation-Banner-2250s-(United-Earth).png", "Earth");
INSERT IGNORE INTO badge_type (badge_filename, type_name) VALUES ("Federation-Banner-2250s-(United-Earth).png", "Flag/Banner");
INSERT IGNORE INTO badge_universe (badge_filename, universe_name) VALUES ("Federation-Banner-2250s-(United-Earth).png", "Prime");
INSERT INTO badge_info (badge_name, badge_filename, badge_url, quadrant, time_period, franchise, reference) VALUES ("Federation Banner 2250s (Andorian)", "Federation-Banner-2250s-(Andorian).png", "https://www.startrekdesignproject.com/symbols/federation-banner-2250s-andorian", "Alpha", "2200s", "Strange New Worlds", "S02E02  Ad Astra per Aspera");
INSERT IGNORE INTO badge_affiliation (badge_filename, affiliation_name) VALUES ("Federation-Banner-2250s-(Andorian).png", "UFP");
INSERT IGNORE INTO badge_affiliation (badge_filename, affiliation_name) VALUES ("Federation-Banner-2250s-(Andorian).png", "Andoria");
INSERT IGNORE INTO badge_type (badge_filename, type_name) VALUES ("Federation-Banner-2250s-(Andorian).png", "Flag/Banner");
INSERT IGNORE INTO badge_universe (badge_filename, universe_name) VALUES ("Federation-Banner-2250s-(Andorian).png", "Prime");
INSERT INTO badge_info (badge_name, badge_filename, badge_url, quadrant, time_period, franchise, reference) VALUES ("Federation Banner 2250s (Starfleet Command)", "Federation-Banner-2250s-(Starfleet-Command).png", "https://www.startrekdesignproject.com/symbols/federation-banner-2250s-starfleet-command", "Alpha", "2200s", "Strange New Worlds", "S02E02  Ad Astra per Aspera");
INSERT IGNORE INTO badge_affiliation (badge_filename, affiliation_name) VALUES ("Federation-Banner-2250s-(Starfleet-Command).png", "UFP");
INSERT IGNORE INTO badge_affiliation (badge_filename, affiliation_name) VALUES ("Federation-Banner-2250s-(Starfleet-Command).png", "Starfleet");
INSERT IGNORE INTO badge_type (badge_filename, type_name) VALUES ("Federation-Banner-2250s-(Starfleet-Command).png", "Flag/Banner");
INSERT IGNORE INTO badge_universe (badge_filename, universe_name) VALUES ("Federation-Banner-2250s-(Starfleet-Command).png", "Prime");
INSERT INTO badge_info (badge_name, badge_filename, badge_url, quadrant, time_period, franchise, reference) VALUES ("Federation Banner 2250s (Tellarite)", "Federation-Banner-2250s-(Tellarite).png", "https://www.startrekdesignproject.com/symbols/federation-banner-2250s-tellarite", "Alpha", "2200s", "Strange New Worlds", "S02E02  Ad Astra per Aspera");
INSERT IGNORE INTO badge_affiliation (badge_filename, affiliation_name) VALUES ("Federation-Banner-2250s-(Tellarite).png", "UFP");
INSERT IGNORE INTO badge_affiliation (badge_filename, affiliation_name) VALUES ("Federation-Banner-2250s-(Tellarite).png", "Tellarite");
INSERT IGNORE INTO badge_type (badge_filename, type_name) VALUES ("Federation-Banner-2250s-(Tellarite).png", "Flag/Banner");
INSERT IGNORE INTO badge_universe (badge_filename, universe_name) VALUES ("Federation-Banner-2250s-(Tellarite).png", "Prime");
INSERT INTO badge_info (badge_name, badge_filename, badge_url, quadrant, time_period, franchise, reference) VALUES ("Federation Banner 2250s (Vulcan)", "Federation-Banner-2250s-(Vulcan).png", "https://www.startrekdesignproject.com/symbols/federation-banner-2250s-vulcan", "Alpha", "2200s", "Strange New Worlds", "S02E02  Ad Astra per Aspera");
INSERT IGNORE INTO badge_affiliation (badge_filename, affiliation_name) VALUES ("Federation-Banner-2250s-(Vulcan).png", "UFP");
INSERT IGNORE INTO badge_affiliation (badge_filename, affiliation_name) VALUES ("Federation-Banner-2250s-(Vulcan).png", "Vulcan");
INSERT IGNORE INTO badge_type (badge_filename, type_name) VALUES ("Federation-Banner-2250s-(Vulcan).png", "Flag/Banner");
INSERT IGNORE INTO badge_universe (badge_filename, universe_name) VALUES ("Federation-Banner-2250s-(Vulcan).png", "Prime");
INSERT INTO badge_info (badge_name, badge_filename, badge_url, quadrant, time_period, franchise, reference) VALUES ("Terran Banner 2380s", "Terran-Banner-2380s.png", "https://www.startrekdesignproject.com/symbols/terran-banner-2380s", "Alpha", "2300s", "Prodigy", "S02E14 Cracked Mirror");
INSERT IGNORE INTO badge_affiliation (badge_filename, affiliation_name) VALUES ("Terran-Banner-2380s.png", "Terran Empire");
INSERT IGNORE INTO badge_type (badge_filename, type_name) VALUES ("Terran-Banner-2380s.png", "Flag/Banner");
INSERT IGNORE INTO badge_universe (badge_filename, universe_name) VALUES ("Terran-Banner-2380s.png", "Mirror");
INSERT INTO badge_info (badge_name, badge_filename, badge_url, quadrant, time_period, franchise, reference) VALUES ("Terran Empire 2380s B", "Terran-Empire-2380s-B.png", "https://www.startrekdesignproject.com/symbols/terran-empire-2380s-b", "Alpha", "2300s", "Prodigy", "S02E14 Cracked Mirror");
INSERT IGNORE INTO badge_affiliation (badge_filename, affiliation_name) VALUES ("Terran-Empire-2380s-B.png", "Terran Empire");
INSERT IGNORE INTO badge_type (badge_filename, type_name) VALUES ("Terran-Empire-2380s-B.png", "Species/Civilization");
INSERT IGNORE INTO badge_universe (badge_filename, universe_name) VALUES ("Terran-Empire-2380s-B.png", "Mirror");
INSERT INTO badge_info (badge_name, badge_filename, badge_url, quadrant, time_period, franchise, reference) VALUES ("Nova Squadron Insignia", "Nova-Squadron-Insignia.png", "https://www.startrekdesignproject.com/symbols/nova-squadron-insignia", "Alpha", "2300s", "Prodigy", "S02E01 Into the Breach, Part I");
INSERT IGNORE INTO badge_affiliation (badge_filename, affiliation_name) VALUES ("Nova-Squadron-Insignia.png", "Starfleet");
INSERT IGNORE INTO badge_type (badge_filename, type_name) VALUES ("Nova-Squadron-Insignia.png", "Insignia");
INSERT IGNORE INTO badge_universe (badge_filename, universe_name) VALUES ("Nova-Squadron-Insignia.png", "Prime");
INSERT INTO badge_info (badge_name, badge_filename, badge_url, quadrant, time_period, franchise, reference) VALUES ("Daystrom Institute Informal", "Daystrom-Institute-Informal.png", "https://www.startrekdesignproject.com/symbols/daystrom-institute-informal", "None", "2300s", "Prodigy", "S02E20 Ouroboros, Part II");
INSERT IGNORE INTO badge_affiliation (badge_filename, affiliation_name) VALUES ("Daystrom-Institute-Informal.png", "Earth");
INSERT IGNORE INTO badge_affiliation (badge_filename, affiliation_name) VALUES ("Daystrom-Institute-Informal.png", "Daystrom Institute");
INSERT IGNORE INTO badge_type (badge_filename, type_name) VALUES ("Daystrom-Institute-Informal.png", "Science/Research");
INSERT IGNORE INTO badge_universe (badge_filename, universe_name) VALUES ("Daystrom-Institute-Informal.png", "Prime");
INSERT INTO badge_info (badge_name, badge_filename, badge_url, quadrant, time_period, franchise, reference) VALUES ("USS Protostar Informal", "USS-Protostar-Informal.png", "https://www.startrekdesignproject.com/symbols/uss-protostar-informal", "Alpha", "None", "Prodigy", "S02E11 Last Flight of the Protostar, Part I");
INSERT IGNORE INTO badge_affiliation (badge_filename, affiliation_name) VALUES ("USS-Protostar-Informal.png", "Starfleet");
INSERT IGNORE INTO badge_type (badge_filename, type_name) VALUES ("USS-Protostar-Informal.png", "Starship");
INSERT IGNORE INTO badge_universe (badge_filename, universe_name) VALUES ("USS-Protostar-Informal.png", "Prime");
INSERT INTO badge_info (badge_name, badge_filename, badge_url, quadrant, time_period, franchise, reference) VALUES ("UFP Starfleet Database", "UFP-Starfleet-Database.png", "https://www.startrekdesignproject.com/symbols/ufp-starfleet-database", "Alpha", "2300s", "Prodigy", "S02E08 Is There in Beauty No Truth?");
INSERT IGNORE INTO badge_affiliation (badge_filename, affiliation_name) VALUES ("UFP-Starfleet-Database.png", "Starfleet");
INSERT IGNORE INTO badge_type (badge_filename, type_name) VALUES ("UFP-Starfleet-Database.png", "Science/Research");
INSERT IGNORE INTO badge_universe (badge_filename, universe_name) VALUES ("UFP-Starfleet-Database.png", "Prime");
INSERT INTO badge_info (badge_name, badge_filename, badge_url, quadrant, time_period, franchise, reference) VALUES ("IDIC 370s", "IDIC-370s.png", "https://www.startrekdesignproject.com/symbols/idic-370s", "Alpha", "300s", "The Next Generation", "S05E08 Unification II");
INSERT IGNORE INTO badge_affiliation (badge_filename, affiliation_name) VALUES ("IDIC-370s.png", "Vulcan");
INSERT IGNORE INTO badge_type (badge_filename, type_name) VALUES ("IDIC-370s.png", "Species/Civilization");
INSERT IGNORE INTO badge_universe (badge_filename, universe_name) VALUES ("IDIC-370s.png", "Prime");
INSERT INTO badge_info (badge_name, badge_filename, badge_url, quadrant, time_period, franchise, reference) VALUES ("Temporal Mechanics 201", "Temporal-Mechanics-201.png", "https://www.startrekdesignproject.com/symbols/temporal-mechanics-201", "Alpha", "None", "Prodigy", "S02E20 Ouroboros, Part II");
INSERT IGNORE INTO badge_affiliation (badge_filename, affiliation_name) VALUES ("Temporal-Mechanics-201.png", "Starfleet");
INSERT IGNORE INTO badge_type (badge_filename, type_name) VALUES ("Temporal-Mechanics-201.png", "Science/Research");
INSERT IGNORE INTO badge_universe (badge_filename, universe_name) VALUES ("Temporal-Mechanics-201.png", "Prime");
INSERT INTO badge_info (badge_name, badge_filename, badge_url, quadrant, time_period, franchise, reference) VALUES ("Temporal Mechanics 101", "Temporal-Mechanics-101.png", "https://www.startrekdesignproject.com/symbols/temporal-mechanics-101", "Alpha", "2300s", "Prodigy", "S02E04 Temporal Mechanics 101");
INSERT IGNORE INTO badge_affiliation (badge_filename, affiliation_name) VALUES ("Temporal-Mechanics-101.png", "Starfleet");
INSERT IGNORE INTO badge_type (badge_filename, type_name) VALUES ("Temporal-Mechanics-101.png", "Science/Research");
INSERT IGNORE INTO badge_universe (badge_filename, universe_name) VALUES ("Temporal-Mechanics-101.png", "Prime");
INSERT INTO badge_info (badge_name, badge_filename, badge_url, quadrant, time_period, franchise, reference) VALUES ("Elnor's Medallion", "Elnor's-Medallion.png", "https://www.startrekdesignproject.com/symbols/elnor-s-medallion", "Alpha", "2400s", "Picard", "S02E03 Assimilation");
INSERT IGNORE INTO badge_affiliation (badge_filename, affiliation_name) VALUES ("Elnor's-Medallion.png", "Romulan Star Empire");
INSERT IGNORE INTO badge_type (badge_filename, type_name) VALUES ("Elnor's-Medallion.png", "Religious");
INSERT IGNORE INTO badge_universe (badge_filename, universe_name) VALUES ("Elnor's-Medallion.png", "Prime");
INSERT INTO badge_info (badge_name, badge_filename, badge_url, quadrant, time_period, franchise, reference) VALUES ("Victor Ice Company", "Victor-Ice-Company.png", "https://www.startrekdesignproject.com/symbols/victor-ice-company", "None", "None", "TOS", "S01E28 The City on the Edge of Forever");
INSERT IGNORE INTO badge_affiliation (badge_filename, affiliation_name) VALUES ("Victor-Ice-Company.png", "Earth");
INSERT IGNORE INTO badge_type (badge_filename, type_name) VALUES ("Victor-Ice-Company.png", "Sign/Poster");
INSERT IGNORE INTO badge_type (badge_filename, type_name) VALUES ("Victor-Ice-Company.png", "Commerce");
INSERT IGNORE INTO badge_universe (badge_filename, universe_name) VALUES ("Victor-Ice-Company.png", "Prime");
INSERT INTO badge_info (badge_name, badge_filename, badge_url, quadrant, time_period, franchise, reference) VALUES ("Valakian B", "Valakian-B.png", "https://www.startrekdesignproject.com/symbols/valakian-b", "Alpha", "2100s", "Enterprise", "S01E13 Dear Doctor");
INSERT IGNORE INTO badge_affiliation (badge_filename, affiliation_name) VALUES ("Valakian-B.png", "valakian");
INSERT IGNORE INTO badge_type (badge_filename, type_name) VALUES ("Valakian-B.png", "Species/Civilization");
INSERT IGNORE INTO badge_universe (badge_filename, universe_name) VALUES ("Valakian-B.png", "Prime");
INSERT INTO badge_info (badge_name, badge_filename, badge_url, quadrant, time_period, franchise, reference) VALUES ("USS Cerritos Collector Plate", "USS-Cerritos-Collector-Plate.png", "https://www.startrekdesignproject.com/symbols/uss-cerritos-collector-plate", "Alpha", "2300s", "Lower Decks", "S04E05 Empathological Fallacies");
INSERT IGNORE INTO badge_affiliation (badge_filename, affiliation_name) VALUES ("USS-Cerritos-Collector-Plate.png", "Starfleet");
INSERT IGNORE INTO badge_type (badge_filename, type_name) VALUES ("USS-Cerritos-Collector-Plate.png", "Commerce");
INSERT IGNORE INTO badge_type (badge_filename, type_name) VALUES ("USS-Cerritos-Collector-Plate.png", "Product");
INSERT IGNORE INTO badge_universe (badge_filename, universe_name) VALUES ("USS-Cerritos-Collector-Plate.png", "Prime");
INSERT INTO badge_info (badge_name, badge_filename, badge_url, quadrant, time_period, franchise, reference) VALUES ("Dominion War Memorial B", "Dominion-War-Memorial-B.png", "https://www.startrekdesignproject.com/symbols/dominion-war-memorial-b", "Beta", "2300s", "Lower Decks", "S04E06 Parth Ferengi's Heart Place");
INSERT IGNORE INTO badge_affiliation (badge_filename, affiliation_name) VALUES ("Dominion-War-Memorial-B.png", "Ferengi Alliance");
INSERT IGNORE INTO badge_type (badge_filename, type_name) VALUES ("Dominion-War-Memorial-B.png", "Sign/Poster");
INSERT IGNORE INTO badge_universe (badge_filename, universe_name) VALUES ("Dominion-War-Memorial-B.png", "Prime");
INSERT INTO badge_info (badge_name, badge_filename, badge_url, quadrant, time_period, franchise, reference) VALUES ("Dominion War Memorial A", "Dominion-War-Memorial-A.png", "https://www.startrekdesignproject.com/symbols/dominion-war-memorial-a", "Beta", "2300s", "Lower Decks", "So4E06 Parth Ferengi's Heart Place");
INSERT IGNORE INTO badge_affiliation (badge_filename, affiliation_name) VALUES ("Dominion-War-Memorial-A.png", "Ferengi Alliance");
INSERT IGNORE INTO badge_type (badge_filename, type_name) VALUES ("Dominion-War-Memorial-A.png", "Sign/Poster");
INSERT IGNORE INTO badge_universe (badge_filename, universe_name) VALUES ("Dominion-War-Memorial-A.png", "Prime");
INSERT INTO badge_info (badge_name, badge_filename, badge_url, quadrant, time_period, franchise, reference) VALUES ("Red Alert 2260s", "Red-Alert-2260s.png", "https://www.startrekdesignproject.com/symbols/red-alert-2260s", "Alpha", "2200s", "TOS", "S02E06 The Doomsday Machine");
INSERT IGNORE INTO badge_affiliation (badge_filename, affiliation_name) VALUES ("Red-Alert-2260s.png", "Starfleet");
INSERT IGNORE INTO badge_type (badge_filename, type_name) VALUES ("Red-Alert-2260s.png", "Advisory");
INSERT IGNORE INTO badge_universe (badge_filename, universe_name) VALUES ("Red-Alert-2260s.png", "Prime");
INSERT INTO badge_info (badge_name, badge_filename, badge_url, quadrant, time_period, franchise, reference) VALUES ("Moopsy", "Moopsy.png", "https://www.startrekdesignproject.com/symbols/moopsy", "Alpha", "2300s", "Lower Decks", "S04E02 I Have No Bones Yet I Must Flee");
INSERT IGNORE INTO badge_type (badge_filename, type_name) VALUES ("Moopsy.png", "Species/Civilization");
INSERT IGNORE INTO badge_universe (badge_filename, universe_name) VALUES ("Moopsy.png", "Prime");
INSERT INTO badge_info (badge_name, badge_filename, badge_url, quadrant, time_period, franchise, reference) VALUES ("Angel 1 2380s", "Angel-1-2380s.png", "https://www.startrekdesignproject.com/symbols/angel-1-2380s", "Beta", "2300s", "Lower Decks", "S04E05 Empathological Fallacies");
INSERT IGNORE INTO badge_affiliation (badge_filename, affiliation_name) VALUES ("Angel-1-2380s.png", "Angel 1");
INSERT IGNORE INTO badge_type (badge_filename, type_name) VALUES ("Angel-1-2380s.png", "Species/Civilization");
INSERT IGNORE INTO badge_universe (badge_filename, universe_name) VALUES ("Angel-1-2380s.png", "Prime");
INSERT INTO badge_info (badge_name, badge_filename, badge_url, quadrant, time_period, franchise, reference) VALUES ("Where No Gift Has Gone...", "Where-No-Gift-Has-Gone....png", "https://www.startrekdesignproject.com/symbols/where-no-gift-has-gone-before", "Beta", "2300s", "Lower Decks", "S04E06 Parth Ferengi's Heart Place");
INSERT IGNORE INTO badge_affiliation (badge_filename, affiliation_name) VALUES ("Where-No-Gift-Has-Gone....png", "Ferengi Alliance");
INSERT IGNORE INTO badge_type (badge_filename, type_name) VALUES ("Where-No-Gift-Has-Gone....png", "Sign/Poster");
INSERT IGNORE INTO badge_universe (badge_filename, universe_name) VALUES ("Where-No-Gift-Has-Gone....png", "Prime");
INSERT INTO badge_info (badge_name, badge_filename, badge_url, quadrant, time_period, franchise, reference) VALUES ("Jefferies Tube Entrance", "Jefferies-Tube-Entrance.png", "https://www.startrekdesignproject.com/symbols/jefferies-tube-entrance", "Beta", "2300s", "Lower Decks", "S04E06 Parth Ferengi's Heart Place");
INSERT IGNORE INTO badge_affiliation (badge_filename, affiliation_name) VALUES ("Jefferies-Tube-Entrance.png", "Ferengi Alliance");
INSERT IGNORE INTO badge_type (badge_filename, type_name) VALUES ("Jefferies-Tube-Entrance.png", "Sign/Poster");
INSERT IGNORE INTO badge_universe (badge_filename, universe_name) VALUES ("Jefferies-Tube-Entrance.png", "Prime");
INSERT INTO badge_info (badge_name, badge_filename, badge_url, quadrant, time_period, franchise, reference) VALUES ("Holodeck Arcade", "Holodeck-Arcade.png", "https://www.startrekdesignproject.com/symbols/Holodeck-Arcade", "Beta", "2300s", "Lower Decks", "S04E06 Parth Ferengi's Heart Place");
INSERT IGNORE INTO badge_affiliation (badge_filename, affiliation_name) VALUES ("Holodeck-Arcade.png", "Ferengi Alliance");
INSERT IGNORE INTO badge_type (badge_filename, type_name) VALUES ("Holodeck-Arcade.png", "Sign/Poster");
INSERT IGNORE INTO badge_universe (badge_filename, universe_name) VALUES ("Holodeck-Arcade.png", "Prime");
INSERT INTO badge_info (badge_name, badge_filename, badge_url, quadrant, time_period, franchise, reference) VALUES ("Crisis Point II: Paradoxus", "Crisis-Point-II:-Paradoxus.png", "https://www.startrekdesignproject.com/symbols/crisis-point-ii-paradoxus", "Alpha", "2300s", "Lower Decks", "S03E08 Crisis Point 2: Paradoxus");
INSERT IGNORE INTO badge_type (badge_filename, type_name) VALUES ("Crisis-Point-II:-Paradoxus.png", "Media");
INSERT IGNORE INTO badge_universe (badge_filename, universe_name) VALUES ("Crisis-Point-II:-Paradoxus.png", "Prime");
INSERT INTO badge_info (badge_name, badge_filename, badge_url, quadrant, time_period, franchise, reference) VALUES ("Starfleet Security Series Puzzle", "Starfleet-Security-Series-Puzzle.png", "https://www.startrekdesignproject.com/symbols/starfleet-security-series-puzzle", "Alpha", "2300s", "Lower Decks", "S04E05 Empathological Fallacies");
INSERT IGNORE INTO badge_affiliation (badge_filename, affiliation_name) VALUES ("Starfleet-Security-Series-Puzzle.png", "Starfleet");
INSERT IGNORE INTO badge_type (badge_filename, type_name) VALUES ("Starfleet-Security-Series-Puzzle.png", "Commerce");
INSERT IGNORE INTO badge_type (badge_filename, type_name) VALUES ("Starfleet-Security-Series-Puzzle.png", "Product");
INSERT IGNORE INTO badge_universe (badge_filename, universe_name) VALUES ("Starfleet-Security-Series-Puzzle.png", "Prime");
INSERT INTO badge_info (badge_name, badge_filename, badge_url, quadrant, time_period, franchise, reference) VALUES ("Uncle Quark's Youth Casino", "Uncle-Quark's-Youth-Casino.png", "https://www.startrekdesignproject.com/symbols/uncle-quark-s-youth-casino", "Beta", "2300s", "Lower Decks", "S04E06 Parth Ferengi's Heart Place");
INSERT IGNORE INTO badge_affiliation (badge_filename, affiliation_name) VALUES ("Uncle-Quark's-Youth-Casino.png", "Ferengi Alliance");
INSERT IGNORE INTO badge_affiliation (badge_filename, affiliation_name) VALUES ("Uncle-Quark's-Youth-Casino.png", "Quark");
INSERT IGNORE INTO badge_type (badge_filename, type_name) VALUES ("Uncle-Quark's-Youth-Casino.png", "Commerce");
INSERT IGNORE INTO badge_type (badge_filename, type_name) VALUES ("Uncle-Quark's-Youth-Casino.png", "Sign/Poster");
INSERT IGNORE INTO badge_universe (badge_filename, universe_name) VALUES ("Uncle-Quark's-Youth-Casino.png", "Prime");
INSERT INTO badge_info (badge_name, badge_filename, badge_url, quadrant, time_period, franchise, reference) VALUES ("History of Dabo", "History-of-Dabo.png", "https://www.startrekdesignproject.com/symbols/history-of-dabo", "Beta", "2300s", "Lower Decks", "S04E06 Parth Ferengi's Heart Place");
INSERT IGNORE INTO badge_affiliation (badge_filename, affiliation_name) VALUES ("History-of-Dabo.png", "Ferengi Alliance");
INSERT IGNORE INTO badge_type (badge_filename, type_name) VALUES ("History-of-Dabo.png", "Commerce");
INSERT IGNORE INTO badge_type (badge_filename, type_name) VALUES ("History-of-Dabo.png", "Science/Research");
INSERT IGNORE INTO badge_universe (badge_filename, universe_name) VALUES ("History-of-Dabo.png", "Prime");
