UPDATE badge_info SET badge_url = replace(badge_url, "startrekdesignproject.com/", "startrekdesignproject.com/symbols/");

INSERT INTO badge_info (badge_name, badge_filename, badge_url, quadrant, time_period, franchise, reference) VALUES ("Slug-o Bar", "Slug-o-Bar.png", "https://www.startrekdesignproject.com/symbols/slug-o-bar", "Beta", "2300s", "Lower Decks", "S04E06 Parth Ferengi's Heart Place");
INSERT IGNORE INTO badge_affiliation (badge_filename, affiliation_name) VALUES ("Slug-o-Bar.png", "Ferengi Alliance");
INSERT IGNORE INTO badge_type (badge_filename, type_name) VALUES ("Slug-o-Bar.png", "Commerce");
INSERT IGNORE INTO badge_universe (badge_filename, universe_name) VALUES ("Slug-o-Bar.png", "Prime");
INSERT INTO badge_info (badge_name, badge_filename, badge_url, quadrant, time_period, franchise, reference) VALUES ("Red Shirts", "Red-Shirts.png", "https://www.startrekdesignproject.com/symbols/red-shirts", "Alpha", "2300s", "Lower Decks", "S04E06 Parth Ferengi's Heart Place");
INSERT IGNORE INTO badge_affiliation (badge_filename, affiliation_name) VALUES ("Red-Shirts.png", "Ferengi Alliance");
INSERT IGNORE INTO badge_affiliation (badge_filename, affiliation_name) VALUES ("Red-Shirts.png", "Quark");
INSERT IGNORE INTO badge_type (badge_filename, type_name) VALUES ("Red-Shirts.png", "Commerce");
INSERT IGNORE INTO badge_type (badge_filename, type_name) VALUES ("Red-Shirts.png", "Sign/Poster");
INSERT IGNORE INTO badge_universe (badge_filename, universe_name) VALUES ("Red-Shirts.png", "Prime");
INSERT INTO badge_info (badge_name, badge_filename, badge_url, quadrant, time_period, franchise, reference) VALUES ("Cardassian Prison", "Cardassian-Prison.png", "https://www.startrekdesignproject.com/symbols/cardassian-prison", "Alpha", "2300s", "Deep Space 9", "S02E24 Tribunal");
INSERT IGNORE INTO badge_affiliation (badge_filename, affiliation_name) VALUES ("Cardassian-Prison.png", "Cardassian Union");
INSERT IGNORE INTO badge_type (badge_filename, type_name) VALUES ("Cardassian-Prison.png", "Law Enforcement");
INSERT IGNORE INTO badge_universe (badge_filename, universe_name) VALUES ("Cardassian-Prison.png", "Prime");
INSERT INTO badge_info (badge_name, badge_filename, badge_url, quadrant, time_period, franchise, reference) VALUES ("Warp Plasma Cannister B", "Warp-Plasma-Cannister-B.png", "https://www.startrekdesignproject.com/symbols/warp-plasma-cannister-b", "Alpha", "2100s", "Enterprise", "S02E04 Dead Stop");
INSERT IGNORE INTO badge_affiliation (badge_filename, affiliation_name) VALUES ("Warp-Plasma-Cannister-B.png", "Starfleet");
INSERT IGNORE INTO badge_type (badge_filename, type_name) VALUES ("Warp-Plasma-Cannister-B.png", "Advisory");
INSERT IGNORE INTO badge_universe (badge_filename, universe_name) VALUES ("Warp-Plasma-Cannister-B.png", "Prime");
INSERT INTO badge_info (badge_name, badge_filename, badge_url, quadrant, time_period, franchise, reference) VALUES ("Warp Plasma Cannister A", "Warp-Plasma-Cannister-A.png", "https://www.startrekdesignproject.com/symbols/warp-plasma-cannister-a", "Alpha", "2100s", "Enterprise", "S02E04 Dead Stop");
INSERT IGNORE INTO badge_affiliation (badge_filename, affiliation_name) VALUES ("Warp-Plasma-Cannister-A.png", "Starfleet");
INSERT IGNORE INTO badge_type (badge_filename, type_name) VALUES ("Warp-Plasma-Cannister-A.png", "Advisory");
INSERT IGNORE INTO badge_universe (badge_filename, universe_name) VALUES ("Warp-Plasma-Cannister-A.png", "Prime");
INSERT INTO badge_info (badge_name, badge_filename, badge_url, quadrant, time_period, franchise, reference) VALUES ("House of Kor", "House-of-Kor.png", "https://www.startrekdesignproject.com/symbols/house-of-kor", "Beta", "2200s", "Discovery", "S01E04 The Butcher's Knife Cares Not for the Lamb's Cry");
INSERT IGNORE INTO badge_affiliation (badge_filename, affiliation_name) VALUES ("House-of-Kor.png", "Klingon Empire");
INSERT IGNORE INTO badge_type (badge_filename, type_name) VALUES ("House-of-Kor.png", "Insignia");
INSERT IGNORE INTO badge_universe (badge_filename, universe_name) VALUES ("House-of-Kor.png", "Prime");
INSERT INTO badge_info (badge_name, badge_filename, badge_url, quadrant, time_period, franchise, reference) VALUES ("The Progenitor Key", "The-Progenitor-Key.png", "https://www.startrekdesignproject.com/symbols/the-progenator-key", "Alpha", "3100s", "Discovery", "S05E03 Jinaal");
INSERT IGNORE INTO badge_type (badge_filename, type_name) VALUES ("The-Progenitor-Key.png", "Species/Civilization");
INSERT IGNORE INTO badge_universe (badge_filename, universe_name) VALUES ("The-Progenitor-Key.png", "Prime");
INSERT INTO badge_info (badge_name, badge_filename, badge_url, quadrant, time_period, franchise, reference) VALUES ("Slug-o Cola Sign B", "Slug-o-Cola-Sign-B.png", "https://www.startrekdesignproject.com/symbols/slug-o-cola-sign-b", "Alpha", "2300s", "Lower Decks", "S04E06 Parth Ferengi's Heart Place");
INSERT IGNORE INTO badge_affiliation (badge_filename, affiliation_name) VALUES ("Slug-o-Cola-Sign-B.png", "Ferengi Alliance");
INSERT IGNORE INTO badge_type (badge_filename, type_name) VALUES ("Slug-o-Cola-Sign-B.png", "Product");
INSERT IGNORE INTO badge_universe (badge_filename, universe_name) VALUES ("Slug-o-Cola-Sign-B.png", "Prime");
INSERT INTO badge_info (badge_name, badge_filename, badge_url, quadrant, time_period, franchise, reference) VALUES ("Slug-o Chips", "Slug-o-Chips.png", "https://www.startrekdesignproject.com/symbols/slug-o-chips", "Alpha", "2300s", "Lower Decks", "S04E06 Parth Ferengi's Heart Place");
INSERT IGNORE INTO badge_affiliation (badge_filename, affiliation_name) VALUES ("Slug-o-Chips.png", "Ferengi Alliance");
INSERT IGNORE INTO badge_type (badge_filename, type_name) VALUES ("Slug-o-Chips.png", "Product");
INSERT IGNORE INTO badge_universe (badge_filename, universe_name) VALUES ("Slug-o-Chips.png", "Prime");
INSERT INTO badge_info (badge_name, badge_filename, badge_url, quadrant, time_period, franchise, reference) VALUES ("Starfleet Engineering Badge", "Starfleet-Engineering-Badge.png", "https://www.startrekdesignproject.com/symbols/starfleet-engineering-badge", "Alpha", "3100s", "Discovery", "S05E04 Face the Strange");
INSERT IGNORE INTO badge_affiliation (badge_filename, affiliation_name) VALUES ("Starfleet-Engineering-Badge.png", "Starfleet");
INSERT IGNORE INTO badge_type (badge_filename, type_name) VALUES ("Starfleet-Engineering-Badge.png", "Insignia");
INSERT IGNORE INTO badge_universe (badge_filename, universe_name) VALUES ("Starfleet-Engineering-Badge.png", "Prime");
INSERT INTO badge_info (badge_name, badge_filename, badge_url, quadrant, time_period, franchise, reference) VALUES ("Slug-o Cola 2300s", "Slug-o-Cola-2300s.png", "https://www.startrekdesignproject.com/symbols/slug-o-cola-2300s", "Alpha", "2300s", "Lower Decks", "S04E06 Parth Ferengi's Heart Place");
INSERT IGNORE INTO badge_affiliation (badge_filename, affiliation_name) VALUES ("Slug-o-Cola-2300s.png", "Ferengi Alliance");
INSERT IGNORE INTO badge_type (badge_filename, type_name) VALUES ("Slug-o-Cola-2300s.png", "Product");
INSERT IGNORE INTO badge_type (badge_filename, type_name) VALUES ("Slug-o-Cola-2300s.png", "Commerce");
INSERT IGNORE INTO badge_universe (badge_filename, universe_name) VALUES ("Slug-o-Cola-2300s.png", "Prime");
INSERT INTO badge_info (badge_name, badge_filename, badge_url, quadrant, time_period, franchise, reference) VALUES ("Scientific Luminary", "Scientific-Luminary.png", "https://www.startrekdesignproject.com/symbols/scientific-luminary", "Alpha", "3100s", "Discovery", "S05E01 Red Directive");
INSERT IGNORE INTO badge_affiliation (badge_filename, affiliation_name) VALUES ("Scientific-Luminary.png", "UFP");
INSERT IGNORE INTO badge_type (badge_filename, type_name) VALUES ("Scientific-Luminary.png", "Science/Research");
INSERT IGNORE INTO badge_universe (badge_filename, universe_name) VALUES ("Scientific-Luminary.png", "Prime");
INSERT INTO badge_info (badge_name, badge_filename, badge_url, quadrant, time_period, franchise, reference) VALUES ("United Earth and Titan Insignia", "United-Earth-and-Titan-Insignia.png", "https://www.startrekdesignproject.com/symbols/united-earth-titan-insignia", "Alpha", "3100s", "Discovery", "S04E13 Coming Home");
INSERT IGNORE INTO badge_affiliation (badge_filename, affiliation_name) VALUES ("United-Earth-and-Titan-Insignia.png", "Earth");
INSERT IGNORE INTO badge_type (badge_filename, type_name) VALUES ("United-Earth-and-Titan-Insignia.png", "Insignia");
INSERT IGNORE INTO badge_universe (badge_filename, universe_name) VALUES ("United-Earth-and-Titan-Insignia.png", "Prime");
INSERT INTO badge_info (badge_name, badge_filename, badge_url, quadrant, time_period, franchise, reference) VALUES ("Slug-o Cola 3100s", "Slug-o-Cola-3100s.png", "https://www.startrekdesignproject.com/symbols/slug-o-cola-3100s", "Alpha", "3100s", "Discovery", "S05E03 Jinaal");
INSERT IGNORE INTO badge_affiliation (badge_filename, affiliation_name) VALUES ("Slug-o-Cola-3100s.png", "Ferengi Alliance");
INSERT IGNORE INTO badge_type (badge_filename, type_name) VALUES ("Slug-o-Cola-3100s.png", "Product");
INSERT IGNORE INTO badge_type (badge_filename, type_name) VALUES ("Slug-o-Cola-3100s.png", "Commerce");
INSERT IGNORE INTO badge_universe (badge_filename, universe_name) VALUES ("Slug-o-Cola-3100s.png", "Prime");
INSERT INTO badge_info (badge_name, badge_filename, badge_url, quadrant, time_period, franchise, reference) VALUES ("UFP Informal 3100s", "UFP-Informal-3100s.png", "https://www.startrekdesignproject.com/symbols/ufp-informal-3100s", "Alpha", "3100s", "Discovery", "S05E01 Red Directive");
INSERT IGNORE INTO badge_affiliation (badge_filename, affiliation_name) VALUES ("UFP-Informal-3100s.png", "UFP");
INSERT IGNORE INTO badge_universe (badge_filename, universe_name) VALUES ("UFP-Informal-3100s.png", "Prime");
INSERT INTO badge_info (badge_name, badge_filename, badge_url, quadrant, time_period, franchise, reference) VALUES ("Acquire Pour Homme", "Acquire-Pour-Homme.png", "https://www.startrekdesignproject.com/symbols/acquire-pour-homme", "Alpha", "2300s", "Lower Decks", "S04E06 Parth Ferengi's Heart Place");
INSERT IGNORE INTO badge_affiliation (badge_filename, affiliation_name) VALUES ("Acquire-Pour-Homme.png", "Ferengi Alliance");
INSERT IGNORE INTO badge_type (badge_filename, type_name) VALUES ("Acquire-Pour-Homme.png", "Commerce");
INSERT IGNORE INTO badge_type (badge_filename, type_name) VALUES ("Acquire-Pour-Homme.png", "Sign/Poster");
INSERT IGNORE INTO badge_universe (badge_filename, universe_name) VALUES ("Acquire-Pour-Homme.png", "Prime");
INSERT INTO badge_info (badge_name, badge_filename, badge_url, quadrant, time_period, franchise, reference) VALUES ("Slug-o Cola Sign A", "Slug-o-Cola-Sign-A.png", "https://www.startrekdesignproject.com/symbols/slug-o-cola-sign-a", "Alpha", "2300s", "Lower Decks", "S04E06 Parth Ferengi's Heart Place");
INSERT IGNORE INTO badge_affiliation (badge_filename, affiliation_name) VALUES ("Slug-o-Cola-Sign-A.png", "Ferengi Alliance");
INSERT IGNORE INTO badge_type (badge_filename, type_name) VALUES ("Slug-o-Cola-Sign-A.png", "Commerce");
INSERT IGNORE INTO badge_type (badge_filename, type_name) VALUES ("Slug-o-Cola-Sign-A.png", "Sign/Poster");
INSERT IGNORE INTO badge_universe (badge_filename, universe_name) VALUES ("Slug-o-Cola-Sign-A.png", "Prime");
INSERT INTO badge_info (badge_name, badge_filename, badge_url, quadrant, time_period, franchise, reference) VALUES ("Slug-o", "Slug-o.png", "https://www.startrekdesignproject.com/symbols/slug-o", "Alpha", "2300s", "Lower Decks", "S04E06 Parth Ferengi's Heart Place");
INSERT IGNORE INTO badge_affiliation (badge_filename, affiliation_name) VALUES ("Slug-o.png", "Ferengi Alliance");
INSERT IGNORE INTO badge_type (badge_filename, type_name) VALUES ("Slug-o.png", "Commerce");
INSERT IGNORE INTO badge_universe (badge_filename, universe_name) VALUES ("Slug-o.png", "Prime");
INSERT INTO badge_info (badge_name, badge_filename, badge_url, quadrant, time_period, franchise, reference) VALUES ("Gravitational Pull Warning", "Gravitational-Pull-Warning.png", "https://www.startrekdesignproject.com/symbols/gravitational-pull-warning", "Alpha", "2200s", "Movies", "Star Trek (film)");
INSERT IGNORE INTO badge_affiliation (badge_filename, affiliation_name) VALUES ("Gravitational-Pull-Warning.png", "Starfleet");
INSERT IGNORE INTO badge_type (badge_filename, type_name) VALUES ("Gravitational-Pull-Warning.png", "Advisory");
INSERT IGNORE INTO badge_universe (badge_filename, universe_name) VALUES ("Gravitational-Pull-Warning.png", "Kelvin");
INSERT INTO badge_info (badge_name, badge_filename, badge_url, quadrant, time_period, franchise, reference) VALUES ("10 Forward Sign A", "10-Forward-Sign-A.png", "https://www.startrekdesignproject.com/symbols/10-forward-sign-a", "Alpha", "2400s", "Picard", "S03E05 Imposters");
INSERT IGNORE INTO badge_affiliation (badge_filename, affiliation_name) VALUES ("10-Forward-Sign-A.png", "Earth");
INSERT IGNORE INTO badge_type (badge_filename, type_name) VALUES ("10-Forward-Sign-A.png", "Commerce");
INSERT IGNORE INTO badge_type (badge_filename, type_name) VALUES ("10-Forward-Sign-A.png", "Sign/Poster");
INSERT IGNORE INTO badge_universe (badge_filename, universe_name) VALUES ("10-Forward-Sign-A.png", "Prime");
INSERT INTO badge_info (badge_name, badge_filename, badge_url, quadrant, time_period, franchise, reference) VALUES ("Retail Sign F (Qualor II)", "Retail-Sign-F-(Qualor-II).png", "https://www.startrekdesignproject.com/symbols/retail-sign-f-qualor-ii", "Beta", "2300s", "Lower Decks", "S02E03 We’ll Always Have Tom Paris");
INSERT IGNORE INTO badge_affiliation (badge_filename, affiliation_name) VALUES ("Retail-Sign-F-(Qualor-II).png", "Qualor II");
INSERT IGNORE INTO badge_type (badge_filename, type_name) VALUES ("Retail-Sign-F-(Qualor-II).png", "Sign/Poster");
INSERT IGNORE INTO badge_universe (badge_filename, universe_name) VALUES ("Retail-Sign-F-(Qualor-II).png", "Prime");
INSERT INTO badge_info (badge_name, badge_filename, badge_url, quadrant, time_period, franchise, reference) VALUES ("Retail Sign E (Qualor II)", "Retail-Sign-E-(Qualor-II).png", "https://www.startrekdesignproject.com/symbols/retail-sign-e-qualor-ii", "Beta", "2300s", "Lower Decks", "S02E03  We’ll Always Have Tom Paris");
INSERT IGNORE INTO badge_affiliation (badge_filename, affiliation_name) VALUES ("Retail-Sign-E-(Qualor-II).png", "Qualor II");
INSERT IGNORE INTO badge_type (badge_filename, type_name) VALUES ("Retail-Sign-E-(Qualor-II).png", "Commerce");
INSERT IGNORE INTO badge_type (badge_filename, type_name) VALUES ("Retail-Sign-E-(Qualor-II).png", "Sign/Poster");
INSERT IGNORE INTO badge_universe (badge_filename, universe_name) VALUES ("Retail-Sign-E-(Qualor-II).png", "Prime");
INSERT INTO badge_info (badge_name, badge_filename, badge_url, quadrant, time_period, franchise, reference) VALUES ("Maximum Oo-mox Rub Dungeon", "Maximum-Oo-mox-Rub-Dungeon.png", "https://www.startrekdesignproject.com/symbols/maximum-oo-mox-rub-dungeon", "Alpha", "2300s", "Lower Decks", "S04E06 Parth Ferengi's Heart Place");
INSERT IGNORE INTO badge_affiliation (badge_filename, affiliation_name) VALUES ("Maximum-Oo-mox-Rub-Dungeon.png", "Ferengi Alliance");
INSERT IGNORE INTO badge_type (badge_filename, type_name) VALUES ("Maximum-Oo-mox-Rub-Dungeon.png", "Commerce");
INSERT IGNORE INTO badge_type (badge_filename, type_name) VALUES ("Maximum-Oo-mox-Rub-Dungeon.png", "Sign/Poster");
INSERT IGNORE INTO badge_universe (badge_filename, universe_name) VALUES ("Maximum-Oo-mox-Rub-Dungeon.png", "Prime");
INSERT INTO badge_info (badge_name, badge_filename, badge_url, quadrant, time_period, franchise, reference) VALUES ("AGIMUS Banner B", "AGIMUS-Banner-B.png", "https://www.startrekdesignproject.com/symbols/agimus-banner-b", "Alpha", "2300s", "Lower Decks", "S04e07 A Few Badgeys More");
INSERT IGNORE INTO badge_affiliation (badge_filename, affiliation_name) VALUES ("AGIMUS-Banner-B.png", "AGIMUS");
INSERT IGNORE INTO badge_type (badge_filename, type_name) VALUES ("AGIMUS-Banner-B.png", "Flag/Banner");
INSERT IGNORE INTO badge_universe (badge_filename, universe_name) VALUES ("AGIMUS-Banner-B.png", "Prime");
INSERT INTO badge_info (badge_name, badge_filename, badge_url, quadrant, time_period, franchise, reference) VALUES ("AGIMUS Banner A", "AGIMUS-Banner-A.png", "https://www.startrekdesignproject.com/symbols/agimus-banner-a", "Alpha", "2300s", "Lower Decks", "S04E07 A Few Badgeys More");
INSERT IGNORE INTO badge_affiliation (badge_filename, affiliation_name) VALUES ("AGIMUS-Banner-A.png", "AGIMUS");
INSERT IGNORE INTO badge_type (badge_filename, type_name) VALUES ("AGIMUS-Banner-A.png", "Flag/Banner");
INSERT IGNORE INTO badge_universe (badge_filename, universe_name) VALUES ("AGIMUS-Banner-A.png", "Prime");
INSERT INTO badge_info (badge_name, badge_filename, badge_url, quadrant, time_period, franchise, reference) VALUES ("AGIMUS Banner C", "AGIMUS-Banner-C.png", "https://www.startrekdesignproject.com/symbols/agimus-banner-c", "Alpha", "2300s", "Lower Decks", "S04E07 A Few Badgeys More");
INSERT IGNORE INTO badge_affiliation (badge_filename, affiliation_name) VALUES ("AGIMUS-Banner-C.png", "AGIMUS");
INSERT IGNORE INTO badge_type (badge_filename, type_name) VALUES ("AGIMUS-Banner-C.png", "Flag/Banner");
INSERT IGNORE INTO badge_universe (badge_filename, universe_name) VALUES ("AGIMUS-Banner-C.png", "Prime");
INSERT INTO badge_info (badge_name, badge_filename, badge_url, quadrant, time_period, franchise, reference) VALUES ("All You Can @#$%!", "All-You-Can-@#$%!.png", "https://www.startrekdesignproject.com/symbols/all-you-can", "Alpha", "2300s", "Lower Decks", "S04E06 Parth Ferengi's Heart Place");
INSERT IGNORE INTO badge_affiliation (badge_filename, affiliation_name) VALUES ("All-You-Can-@#$%!.png", "Ferengi Alliance");
INSERT IGNORE INTO badge_type (badge_filename, type_name) VALUES ("All-You-Can-@#$%!.png", "Sign/Poster");
INSERT IGNORE INTO badge_universe (badge_filename, universe_name) VALUES ("All-You-Can-@#$%!.png", "Prime");
INSERT INTO badge_info (badge_name, badge_filename, badge_url, quadrant, time_period, franchise, reference) VALUES ("Voyager Grand Opening", "Voyager-Grand-Opening.png", "https://www.startrekdesignproject.com/symbols/voyager-grand-opening", "Alpha", "2300s", "Lower Decks", "S04E01 Twovix");
INSERT IGNORE INTO badge_affiliation (badge_filename, affiliation_name) VALUES ("Voyager-Grand-Opening.png", "Starfleet");
INSERT IGNORE INTO badge_type (badge_filename, type_name) VALUES ("Voyager-Grand-Opening.png", "Sign/Poster");
INSERT IGNORE INTO badge_universe (badge_filename, universe_name) VALUES ("Voyager-Grand-Opening.png", "Prime");
INSERT INTO badge_info (badge_name, badge_filename, badge_url, quadrant, time_period, franchise, reference) VALUES ("Grub Brunch!!!", "Grub-Brunch!!!.png", "https://www.startrekdesignproject.com/symbols/grub-brunch!!!", "Alpha", "2300s", "Lower Decks", "S04E06 Parth Ferengi's Heart Place");
INSERT IGNORE INTO badge_affiliation (badge_filename, affiliation_name) VALUES ("Grub-Brunch!!!.png", "Ferengi Alliance");
INSERT IGNORE INTO badge_type (badge_filename, type_name) VALUES ("Grub-Brunch!!!.png", "Commerce");
INSERT IGNORE INTO badge_type (badge_filename, type_name) VALUES ("Grub-Brunch!!!.png", "Sign/Poster");
INSERT IGNORE INTO badge_universe (badge_filename, universe_name) VALUES ("Grub-Brunch!!!.png", "Prime");
INSERT INTO badge_info (badge_name, badge_filename, badge_url, quadrant, time_period, franchise, reference) VALUES ("Quarks Federation Experience", "Quarks-Federation-Experience.png", "https://www.startrekdesignproject.com/symbols/quarks-federation-experience", "Alpha", "2300s", "Lower Decks", "S04E06 Parth Ferengi's Heart Place");
INSERT IGNORE INTO badge_affiliation (badge_filename, affiliation_name) VALUES ("Quarks-Federation-Experience.png", "Ferengi Alliance");
INSERT IGNORE INTO badge_affiliation (badge_filename, affiliation_name) VALUES ("Quarks-Federation-Experience.png", "Quark");
INSERT IGNORE INTO badge_type (badge_filename, type_name) VALUES ("Quarks-Federation-Experience.png", "Commerce");
INSERT IGNORE INTO badge_type (badge_filename, type_name) VALUES ("Quarks-Federation-Experience.png", "Sign/Poster");
INSERT IGNORE INTO badge_universe (badge_filename, universe_name) VALUES ("Quarks-Federation-Experience.png", "Prime");
INSERT INTO badge_info (badge_name, badge_filename, badge_url, quadrant, time_period, franchise, reference) VALUES ("The Archaeology Department", "The-Archaeology-Department.png", "https://www.startrekdesignproject.com/symbols/the-archaeology-department", "Alpha", "2000s", "Strange New Worlds", "S02E03 Tomorrow and Tomorrow and Tomorrow");
INSERT IGNORE INTO badge_affiliation (badge_filename, affiliation_name) VALUES ("The-Archaeology-Department.png", "Earth");
INSERT IGNORE INTO badge_type (badge_filename, type_name) VALUES ("The-Archaeology-Department.png", "Commerce");
INSERT IGNORE INTO badge_type (badge_filename, type_name) VALUES ("The-Archaeology-Department.png", "Sign/Poster");
INSERT IGNORE INTO badge_universe (badge_filename, universe_name) VALUES ("The-Archaeology-Department.png", "Prime");
INSERT INTO badge_info (badge_name, badge_filename, badge_url, quadrant, time_period, franchise, reference) VALUES ("Pog & Dar", "Pog-&-Dar.png", "https://www.startrekdesignproject.com/symbols/pog-and-dar", "Alpha", "2300s", "Lower Decks", "S04E06 Parth Ferengi's Heart Place");
INSERT IGNORE INTO badge_affiliation (badge_filename, affiliation_name) VALUES ("Pog-&-Dar.png", "Ferengi Alliance");
INSERT IGNORE INTO badge_type (badge_filename, type_name) VALUES ("Pog-&-Dar.png", "Media");
INSERT IGNORE INTO badge_universe (badge_filename, universe_name) VALUES ("Pog-&-Dar.png", "Prime");
INSERT INTO badge_info (badge_name, badge_filename, badge_url, quadrant, time_period, franchise, reference) VALUES ("Narj's Miraculous Menagerarium", "Narj's-Miraculous-Menagerarium.png", "https://www.startrekdesignproject.com/symbols/narj's-miraculous-menagerarium", "None", "None", "None", "S04E02 I Have No Bones Yet I Must Flee");
INSERT INTO badge_info (badge_name, badge_filename, badge_url, quadrant, time_period, franchise, reference) VALUES ("Lobe's Lodge B", "Lobe's-Lodge-B.png", "https://www.startrekdesignproject.com/symbols/lobe's-lodge-b", "Alpha", "2300s", "Lower Decks", "S04E06 Parth Ferengi's Heart Place");
INSERT IGNORE INTO badge_affiliation (badge_filename, affiliation_name) VALUES ("Lobe's-Lodge-B.png", "Ferengi Alliance");
INSERT IGNORE INTO badge_type (badge_filename, type_name) VALUES ("Lobe's-Lodge-B.png", "Sign/Poster");
INSERT IGNORE INTO badge_type (badge_filename, type_name) VALUES ("Lobe's-Lodge-B.png", "Commerce");
INSERT IGNORE INTO badge_universe (badge_filename, universe_name) VALUES ("Lobe's-Lodge-B.png", "Prime");
INSERT INTO badge_info (badge_name, badge_filename, badge_url, quadrant, time_period, franchise, reference) VALUES ("Lobe's Lodge A", "Lobe's-Lodge-A.png", "https://www.startrekdesignproject.com/symbols/lobe's-lodge-a", "Alpha", "2300s", "Lower Decks", "S04E06 Parth Ferengi's Heart Place");
INSERT IGNORE INTO badge_affiliation (badge_filename, affiliation_name) VALUES ("Lobe's-Lodge-A.png", "Ferengi Alliance");
INSERT IGNORE INTO badge_type (badge_filename, type_name) VALUES ("Lobe's-Lodge-A.png", "Commerce");
INSERT IGNORE INTO badge_type (badge_filename, type_name) VALUES ("Lobe's-Lodge-A.png", "Sign/Poster");
INSERT IGNORE INTO badge_universe (badge_filename, universe_name) VALUES ("Lobe's-Lodge-A.png", "Prime");
INSERT INTO badge_info (badge_name, badge_filename, badge_url, quadrant, time_period, franchise, reference) VALUES ("Airlock Closed", "Airlock-Closed.png", "https://www.startrekdesignproject.com/symbols/airlock-closed", "Alpha", "2400s", "Picard", "S03E01 The Next Generation");
INSERT IGNORE INTO badge_affiliation (badge_filename, affiliation_name) VALUES ("Airlock-Closed.png", "Starfleet");
INSERT IGNORE INTO badge_type (badge_filename, type_name) VALUES ("Airlock-Closed.png", "Advisory");
INSERT IGNORE INTO badge_universe (badge_filename, universe_name) VALUES ("Airlock-Closed.png", "Prime");
INSERT INTO badge_info (badge_name, badge_filename, badge_url, quadrant, time_period, franchise, reference) VALUES ("Airlock Sealed", "Airlock-Sealed.png", "https://www.startrekdesignproject.com/symbols/airlock-sealed", "Alpha", "2400s", "Picard", "S03E01 The Next Generation");
INSERT IGNORE INTO badge_affiliation (badge_filename, affiliation_name) VALUES ("Airlock-Sealed.png", "Starfleet");
INSERT IGNORE INTO badge_type (badge_filename, type_name) VALUES ("Airlock-Sealed.png", "Advisory");
INSERT IGNORE INTO badge_universe (badge_filename, universe_name) VALUES ("Airlock-Sealed.png", "Prime");
INSERT INTO badge_info (badge_name, badge_filename, badge_url, quadrant, time_period, franchise, reference) VALUES ("Mudds", "Mudds.png", "https://www.startrekdesignproject.com/symbols/mudds", "Alpha", "2300s", "Lower Decks", "S04E09 The Inner Fight");
INSERT IGNORE INTO badge_type (badge_filename, type_name) VALUES ("Mudds.png", "Sign/Poster");
INSERT IGNORE INTO badge_type (badge_filename, type_name) VALUES ("Mudds.png", "Commerce");
INSERT IGNORE INTO badge_universe (badge_filename, universe_name) VALUES ("Mudds.png", "Prime");
INSERT INTO badge_info (badge_name, badge_filename, badge_url, quadrant, time_period, franchise, reference) VALUES ("Collision Warning", "Collision-Warning.png", "https://www.startrekdesignproject.com/symbols/collision-warning", "Alpha", "2300s", "Lower Decks", "S04E10 Old Friends, New Planets");
INSERT IGNORE INTO badge_affiliation (badge_filename, affiliation_name) VALUES ("Collision-Warning.png", "Starfleet");
INSERT IGNORE INTO badge_type (badge_filename, type_name) VALUES ("Collision-Warning.png", "Advisory");
INSERT IGNORE INTO badge_universe (badge_filename, universe_name) VALUES ("Collision-Warning.png", "Prime");
INSERT INTO badge_info (badge_name, badge_filename, badge_url, quadrant, time_period, franchise, reference) VALUES ("DS9 Cargo Label A", "DS9-Cargo-Label-A.png", "https://www.startrekdesignproject.com/symbols/ds9-cargo-label-a", "Beta", "2300s", "Deep Space 9", "S06E05 Favor the Bold");
INSERT IGNORE INTO badge_type (badge_filename, type_name) VALUES ("DS9-Cargo-Label-A.png", "Commerce");
INSERT IGNORE INTO badge_universe (badge_filename, universe_name) VALUES ("DS9-Cargo-Label-A.png", "Prime");
INSERT INTO badge_info (badge_name, badge_filename, badge_url, quadrant, time_period, franchise, reference) VALUES ("Triskelion Cargo Label B", "Triskelion-Cargo-Label-B.png", "https://www.startrekdesignproject.com/symbols/triskelion-cargo-label-b", "Alpha", "2300s", "Deep Space 9", "S05E01 Apocalypse Rising");
INSERT IGNORE INTO badge_type (badge_filename, type_name) VALUES ("Triskelion-Cargo-Label-B.png", "Commerce");
INSERT IGNORE INTO badge_universe (badge_filename, universe_name) VALUES ("Triskelion-Cargo-Label-B.png", "Prime");
INSERT INTO badge_info (badge_name, badge_filename, badge_url, quadrant, time_period, franchise, reference) VALUES ("Terran Resistance Insignia 2250s", "Terran-Resistance-Insignia-2250s.png", "https://www.startrekdesignproject.com/symbols/terran-resistance-insignia-2250s", "Alpha", "2200s", "Discovery", "S01E11 The Wolf Inside");
INSERT IGNORE INTO badge_type (badge_filename, type_name) VALUES ("Terran-Resistance-Insignia-2250s.png", "Insignia");
INSERT IGNORE INTO badge_universe (badge_filename, universe_name) VALUES ("Terran-Resistance-Insignia-2250s.png", "Mirror");
INSERT INTO badge_info (badge_name, badge_filename, badge_url, quadrant, time_period, franchise, reference) VALUES ("Tyran B", "Tyran-B.png", "https://www.startrekdesignproject.com/symbols/tyran-b", "Alpha", "2300s", "Lower Decks", "Canon Images");
INSERT IGNORE INTO badge_type (badge_filename, type_name) VALUES ("Tyran-B.png", "Species/Civilization");
INSERT IGNORE INTO badge_universe (badge_filename, universe_name) VALUES ("Tyran-B.png", "Prime");
INSERT INTO badge_info (badge_name, badge_filename, badge_url, quadrant, time_period, franchise, reference) VALUES ("Tyran A", "Tyran-A.png", "https://www.startrekdesignproject.com/symbols/tyran-a", "Alpha", "2300s", "The Next Generation", "S06E09 The Quality of Life");
INSERT IGNORE INTO badge_type (badge_filename, type_name) VALUES ("Tyran-A.png", "Species/Civilization");
INSERT IGNORE INTO badge_universe (badge_filename, universe_name) VALUES ("Tyran-A.png", "Prime");
INSERT INTO badge_info (badge_name, badge_filename, badge_url, quadrant, time_period, franchise, reference) VALUES ("Vulcan IDIC 2370s", "Vulcan-IDIC-2370s.png", "https://www.startrekdesignproject.com/symbols/vulcan-idic-2370s", "Alpha", "2300s", "Deep Space 9", "S01E12 Vortex");
INSERT IGNORE INTO badge_affiliation (badge_filename, affiliation_name) VALUES ("Vulcan-IDIC-2370s.png", "Vulcan");
INSERT IGNORE INTO badge_type (badge_filename, type_name) VALUES ("Vulcan-IDIC-2370s.png", "Species/Civilization");
INSERT IGNORE INTO badge_universe (badge_filename, universe_name) VALUES ("Vulcan-IDIC-2370s.png", "Prime");
INSERT INTO badge_info (badge_name, badge_filename, badge_url, quadrant, time_period, franchise, reference) VALUES ("Trynar Shield", "Trynar-Shield.png", "https://www.startrekdesignproject.com/symbols/trynar-shield", "Alpha", "2300s", "Lower Decks", "S04E10 Old Friends, New Planets");
INSERT IGNORE INTO badge_type (badge_filename, type_name) VALUES ("Trynar-Shield.png", "Science/Research");
INSERT IGNORE INTO badge_universe (badge_filename, universe_name) VALUES ("Trynar-Shield.png", "Prime");
INSERT INTO badge_info (badge_name, badge_filename, badge_url, quadrant, time_period, franchise, reference) VALUES ("Zorkys", "Zorkys.png", "https://www.startrekdesignproject.com/symbols/zorkys", "Alpha", "2300s", "Lower Decks", "S04E09 The Inner Fight");
INSERT IGNORE INTO badge_type (badge_filename, type_name) VALUES ("Zorkys.png", "Sign/Poster");
INSERT IGNORE INTO badge_type (badge_filename, type_name) VALUES ("Zorkys.png", "Commerce");
INSERT IGNORE INTO badge_universe (badge_filename, universe_name) VALUES ("Zorkys.png", "Prime");
INSERT INTO badge_info (badge_name, badge_filename, badge_url, quadrant, time_period, franchise, reference) VALUES ("United Earth Fleet Seal", "United-Earth-Fleet-Seal.png", "https://www.startrekdesignproject.com/symbols/united-earth-fleet-seal", "Alpha", "2200s", "Strange New Worlds", "S02E03 Tomorrow and Tomorrow and Tomorrow");
INSERT IGNORE INTO badge_affiliation (badge_filename, affiliation_name) VALUES ("United-Earth-Fleet-Seal.png", "Earth");
INSERT IGNORE INTO badge_type (badge_filename, type_name) VALUES ("United-Earth-Fleet-Seal.png", "Seal/Shield");
INSERT IGNORE INTO badge_universe (badge_filename, universe_name) VALUES ("United-Earth-Fleet-Seal.png", "Prime");
INSERT INTO badge_info (badge_name, badge_filename, badge_url, quadrant, time_period, franchise, reference) VALUES ("United Earth Fleet Insignia", "United-Earth-Fleet-Insignia.png", "https://www.startrekdesignproject.com/symbols/united-earth-fleet-insignia", "Alpha", "2200s", "Strange New Worlds", "S02E03 Tomorrow and Tomorrow and Tomorrow");
INSERT IGNORE INTO badge_affiliation (badge_filename, affiliation_name) VALUES ("United-Earth-Fleet-Insignia.png", "Earth");
INSERT IGNORE INTO badge_type (badge_filename, type_name) VALUES ("United-Earth-Fleet-Insignia.png", "Insignia");
INSERT IGNORE INTO badge_universe (badge_filename, universe_name) VALUES ("United-Earth-Fleet-Insignia.png", "Sera");
INSERT INTO badge_info (badge_name, badge_filename, badge_url, quadrant, time_period, franchise, reference) VALUES ("Orion Banner", "Orion-Banner.png", "https://www.startrekdesignproject.com/symbols/orion-banner", "Alpha", "2300s", "Lower Decks", "S04E10 Old Friends, New Planets");
INSERT IGNORE INTO badge_affiliation (badge_filename, affiliation_name) VALUES ("Orion-Banner.png", "Orion");
INSERT IGNORE INTO badge_type (badge_filename, type_name) VALUES ("Orion-Banner.png", "Flag/Banner");
INSERT IGNORE INTO badge_universe (badge_filename, universe_name) VALUES ("Orion-Banner.png", "Prime");
INSERT INTO badge_info (badge_name, badge_filename, badge_url, quadrant, time_period, franchise, reference) VALUES ("Nova Fleet", "Nova-Fleet.png", "https://www.startrekdesignproject.com/symbols/nova-fleet", "Alpha", "2300s", "Lower Decks", "S04E10 Old Friends, New Planets");
INSERT IGNORE INTO badge_type (badge_filename, type_name) VALUES ("Nova-Fleet.png", "Mission Patch");
INSERT IGNORE INTO badge_universe (badge_filename, universe_name) VALUES ("Nova-Fleet.png", "Prime");
INSERT INTO badge_info (badge_name, badge_filename, badge_url, quadrant, time_period, franchise, reference) VALUES ("Ferengi Sign (M'talas Prime)", "Ferengi-Sign-(M'talas-Prime).png", "https://www.startrekdesignproject.com/symbols/ferengi-sign-(m'talas-prime)", "Alpha", "2400s", "Picard", "S03E01 The Next Generation");
INSERT IGNORE INTO badge_affiliation (badge_filename, affiliation_name) VALUES ("Ferengi-Sign-(M'talas-Prime).png", "Ferengi Alliance");
INSERT IGNORE INTO badge_type (badge_filename, type_name) VALUES ("Ferengi-Sign-(M'talas-Prime).png", "Commerce");
INSERT IGNORE INTO badge_type (badge_filename, type_name) VALUES ("Ferengi-Sign-(M'talas-Prime).png", "Sign/Poster");
INSERT IGNORE INTO badge_universe (badge_filename, universe_name) VALUES ("Ferengi-Sign-(M'talas-Prime).png", "Prime");
INSERT INTO badge_info (badge_name, badge_filename, badge_url, quadrant, time_period, franchise, reference) VALUES ("Ensign At Work", "Ensign-At-Work.png", "https://www.startrekdesignproject.com/symbols/ensign-at-work", "Alpha", "2300s", "Lower Decks", "S04E01 Twovix");
INSERT IGNORE INTO badge_affiliation (badge_filename, affiliation_name) VALUES ("Ensign-At-Work.png", "Starfleet");
INSERT IGNORE INTO badge_type (badge_filename, type_name) VALUES ("Ensign-At-Work.png", "Advisory");
INSERT IGNORE INTO badge_universe (badge_filename, universe_name) VALUES ("Ensign-At-Work.png", "Prime");
INSERT INTO badge_info (badge_name, badge_filename, badge_url, quadrant, time_period, franchise, reference) VALUES ("Vermont Taxi", "Vermont-Taxi.png", "https://www.startrekdesignproject.com/symbols/vermont-taxi", "Alpha", "2000s", "Strange New Worlds", "S02E03 Tomorrow and Tomorrow and Tomorrow");
INSERT IGNORE INTO badge_affiliation (badge_filename, affiliation_name) VALUES ("Vermont-Taxi.png", "Earth");
INSERT IGNORE INTO badge_type (badge_filename, type_name) VALUES ("Vermont-Taxi.png", "Transport");
INSERT IGNORE INTO badge_type (badge_filename, type_name) VALUES ("Vermont-Taxi.png", "Commerce");
INSERT IGNORE INTO badge_universe (badge_filename, universe_name) VALUES ("Vermont-Taxi.png", "Sera");
INSERT INTO badge_info (badge_name, badge_filename, badge_url, quadrant, time_period, franchise, reference) VALUES ("Noonien-Singh Institute", "Noonien-Singh-Institute.png", "https://www.startrekdesignproject.com/symbols/noonien-singh-institute", "Alpha", "2000s", "Strange New Worlds", "S02E03 Tomorrow and Tomorrow and Tomorrow");
INSERT IGNORE INTO badge_affiliation (badge_filename, affiliation_name) VALUES ("Noonien-Singh-Institute.png", "Earth");
INSERT IGNORE INTO badge_universe (badge_filename, universe_name) VALUES ("Noonien-Singh-Institute.png", "Prime");
INSERT INTO badge_info (badge_name, badge_filename, badge_url, quadrant, time_period, franchise, reference) VALUES ("House of Martok 2400s", "House-of-Martok-2400s.png", "https://www.startrekdesignproject.com/symbols/house-of-martok-2400s", "Beta", "2400s", "Picard", "S03E05 Imposters");
INSERT IGNORE INTO badge_affiliation (badge_filename, affiliation_name) VALUES ("House-of-Martok-2400s.png", "Klingon Empire");
INSERT IGNORE INTO badge_type (badge_filename, type_name) VALUES ("House-of-Martok-2400s.png", "Insignia");
INSERT IGNORE INTO badge_universe (badge_filename, universe_name) VALUES ("House-of-Martok-2400s.png", "Prime");
INSERT INTO badge_info (badge_name, badge_filename, badge_url, quadrant, time_period, franchise, reference) VALUES ("Orion Whiskey", "Orion-Whiskey.png", "https://www.startrekdesignproject.com/symbols/orion-whiskey", "Alpha", "2300s", "Lower Decks", "S04E04 Something Borrowed, Something Green");
INSERT IGNORE INTO badge_affiliation (badge_filename, affiliation_name) VALUES ("Orion-Whiskey.png", "Orion");
INSERT IGNORE INTO badge_type (badge_filename, type_name) VALUES ("Orion-Whiskey.png", "Commerce");
INSERT IGNORE INTO badge_type (badge_filename, type_name) VALUES ("Orion-Whiskey.png", "Product");
INSERT IGNORE INTO badge_universe (badge_filename, universe_name) VALUES ("Orion-Whiskey.png", "Prime");
INSERT INTO badge_info (badge_name, badge_filename, badge_url, quadrant, time_period, franchise, reference) VALUES ("Starfleet Security Informal 2400s", "Starfleet-Security-Informal-2400s.png", "https://www.startrekdesignproject.com/symbols/starfleet-security-informal-2400s", "Alpha", "2400s", "Picard", "S03E05 Imposters");
INSERT IGNORE INTO badge_affiliation (badge_filename, affiliation_name) VALUES ("Starfleet-Security-Informal-2400s.png", "Starfleet");
INSERT IGNORE INTO badge_type (badge_filename, type_name) VALUES ("Starfleet-Security-Informal-2400s.png", "Law Enforcement");
INSERT IGNORE INTO badge_universe (badge_filename, universe_name) VALUES ("Starfleet-Security-Informal-2400s.png", "Prime");
INSERT INTO badge_info (badge_name, badge_filename, badge_url, quadrant, time_period, franchise, reference) VALUES ("Vulcan Science Academy 2250s", "Vulcan-Science-Academy-2250s.png", "https://www.startrekdesignproject.com/symbols/vulcan-science-academy-2250s", "Alpha", "2200s", "Discovery", "S02E05 Charades");
INSERT IGNORE INTO badge_affiliation (badge_filename, affiliation_name) VALUES ("Vulcan-Science-Academy-2250s.png", "Vulcan");
INSERT IGNORE INTO badge_type (badge_filename, type_name) VALUES ("Vulcan-Science-Academy-2250s.png", "Science/Research");
INSERT IGNORE INTO badge_universe (badge_filename, universe_name) VALUES ("Vulcan-Science-Academy-2250s.png", "Prime");
INSERT INTO badge_info (badge_name, badge_filename, badge_url, quadrant, time_period, franchise, reference) VALUES ("Vulcan Science Academy 2240s", "Vulcan-Science-Academy-2240s.png", "https://www.startrekdesignproject.com/symbols/vulcan-science-academy-2240s", "Alpha", "2200s", "Discovery", "S01E06 Lethe");
INSERT IGNORE INTO badge_affiliation (badge_filename, affiliation_name) VALUES ("Vulcan-Science-Academy-2240s.png", "Vulcan");
INSERT IGNORE INTO badge_type (badge_filename, type_name) VALUES ("Vulcan-Science-Academy-2240s.png", "Science/Research");
INSERT IGNORE INTO badge_universe (badge_filename, universe_name) VALUES ("Vulcan-Science-Academy-2240s.png", "Prime");
INSERT INTO badge_info (badge_name, badge_filename, badge_url, quadrant, time_period, franchise, reference) VALUES ("Quark's Free Refills Cup", "Quark's-Free-Refills-Cup.png", "https://www.startrekdesignproject.com/symbols/quark's-free-refills-cup", "Alpha", "2300s", "Deep Space 9", "S02E24 The Collaborator");
INSERT IGNORE INTO badge_affiliation (badge_filename, affiliation_name) VALUES ("Quark's-Free-Refills-Cup.png", "Quark");
INSERT IGNORE INTO badge_affiliation (badge_filename, affiliation_name) VALUES ("Quark's-Free-Refills-Cup.png", "Ferengi Alliance");
INSERT IGNORE INTO badge_type (badge_filename, type_name) VALUES ("Quark's-Free-Refills-Cup.png", "Commerce");
INSERT IGNORE INTO badge_universe (badge_filename, universe_name) VALUES ("Quark's-Free-Refills-Cup.png", "Prime");
INSERT INTO badge_info (badge_name, badge_filename, badge_url, quadrant, time_period, franchise, reference) VALUES ("Ferengi Beer", "Ferengi-Beer.png", "https://www.startrekdesignproject.com/symbols/ferengi-beer", "Alpha", "2300s", "Lower Decks", "S04E06 Parth Ferengi's Heart Place");
INSERT IGNORE INTO badge_affiliation (badge_filename, affiliation_name) VALUES ("Ferengi-Beer.png", "Ferengi Alliance");
INSERT IGNORE INTO badge_type (badge_filename, type_name) VALUES ("Ferengi-Beer.png", "Commerce");
INSERT IGNORE INTO badge_universe (badge_filename, universe_name) VALUES ("Ferengi-Beer.png", "Prime");
INSERT INTO badge_info (badge_name, badge_filename, badge_url, quadrant, time_period, franchise, reference) VALUES ("California Class Starship Seal", "California-Class-Starship-Seal.png", "https://www.startrekdesignproject.com/symbols/california-class-starship-seal", "Alpha", "2300s", "Lower Decks", "S04E01 Twovix");
INSERT IGNORE INTO badge_affiliation (badge_filename, affiliation_name) VALUES ("California-Class-Starship-Seal.png", "Starfleet");
INSERT IGNORE INTO badge_type (badge_filename, type_name) VALUES ("California-Class-Starship-Seal.png", "Seal/Shield");
INSERT IGNORE INTO badge_universe (badge_filename, universe_name) VALUES ("California-Class-Starship-Seal.png", "Prime");
INSERT INTO badge_info (badge_name, badge_filename, badge_url, quadrant, time_period, franchise, reference) VALUES ("Frontier Day 250th", "Frontier-Day-250th.png", "https://www.startrekdesignproject.com/symbols/frontier-day-250th", "Alpha", "2400s", "Picard", "S03E01 The Next Generation");
INSERT IGNORE INTO badge_affiliation (badge_filename, affiliation_name) VALUES ("Frontier-Day-250th.png", "Starfleet");
INSERT IGNORE INTO badge_type (badge_filename, type_name) VALUES ("Frontier-Day-250th.png", "Sign/Poster");
INSERT IGNORE INTO badge_universe (badge_filename, universe_name) VALUES ("Frontier-Day-250th.png", "Prime");
INSERT INTO badge_info (badge_name, badge_filename, badge_url, quadrant, time_period, franchise, reference) VALUES ("Starfleet Cargo Label 2400s", "Starfleet-Cargo-Label-2400s.png", "https://www.startrekdesignproject.com/symbols/starfleet-cargo-label-2400s", "Alpha", "2400s", "Picard", "S03E09 Võx");
INSERT IGNORE INTO badge_affiliation (badge_filename, affiliation_name) VALUES ("Starfleet-Cargo-Label-2400s.png", "Starfleet");
INSERT IGNORE INTO badge_type (badge_filename, type_name) VALUES ("Starfleet-Cargo-Label-2400s.png", "Commerce");
INSERT IGNORE INTO badge_universe (badge_filename, universe_name) VALUES ("Starfleet-Cargo-Label-2400s.png", "Prime");
INSERT INTO badge_info (badge_name, badge_filename, badge_url, quadrant, time_period, franchise, reference) VALUES ("Starfleet Medical Cargo Label 2400s B", "Starfleet-Medical-Cargo-Label-2400s-B.png", "https://www.startrekdesignproject.com/symbols/starfleet-medical-cargo-label-2400s-b", "Alpha", "2400s", "Picard", "S02E01 The Star Gazer");
INSERT IGNORE INTO badge_affiliation (badge_filename, affiliation_name) VALUES ("Starfleet-Medical-Cargo-Label-2400s-B.png", "Starfleet");
INSERT IGNORE INTO badge_type (badge_filename, type_name) VALUES ("Starfleet-Medical-Cargo-Label-2400s-B.png", "Science/Research");
INSERT IGNORE INTO badge_type (badge_filename, type_name) VALUES ("Starfleet-Medical-Cargo-Label-2400s-B.png", "Commerce");
INSERT IGNORE INTO badge_universe (badge_filename, universe_name) VALUES ("Starfleet-Medical-Cargo-Label-2400s-B.png", "Prime");
INSERT INTO badge_info (badge_name, badge_filename, badge_url, quadrant, time_period, franchise, reference) VALUES ("Starfleet Medical Cargo Label 2400s A", "Starfleet-Medical-Cargo-Label-2400s-A.png", "https://www.startrekdesignproject.com/symbols/starfleet-medical-cargo-label-2400s-a", "Alpha", "2400s", "Picard", "S02E01 The Star Gazer");
INSERT IGNORE INTO badge_affiliation (badge_filename, affiliation_name) VALUES ("Starfleet-Medical-Cargo-Label-2400s-A.png", "Starfleet");
INSERT IGNORE INTO badge_type (badge_filename, type_name) VALUES ("Starfleet-Medical-Cargo-Label-2400s-A.png", "Commerce");
INSERT IGNORE INTO badge_universe (badge_filename, universe_name) VALUES ("Starfleet-Medical-Cargo-Label-2400s-A.png", "Prime");
INSERT INTO badge_info (badge_name, badge_filename, badge_url, quadrant, time_period, franchise, reference) VALUES ("Starfleet Merch 2250s", "Starfleet-Merch-2250s.png", "https://www.startrekdesignproject.com/symbols/starfleet-merch-2250s", "Alpha", "2200s", "Strange New Worlds", "S02E05 Charades");
INSERT IGNORE INTO badge_affiliation (badge_filename, affiliation_name) VALUES ("Starfleet-Merch-2250s.png", "Starfleet");
INSERT IGNORE INTO badge_type (badge_filename, type_name) VALUES ("Starfleet-Merch-2250s.png", "Commerce");
INSERT IGNORE INTO badge_universe (badge_filename, universe_name) VALUES ("Starfleet-Merch-2250s.png", "Prime");
INSERT INTO badge_info (badge_name, badge_filename, badge_url, quadrant, time_period, franchise, reference) VALUES ("Starfleet Merch 2260s", "Starfleet-Merch-2260s.png", "https://www.startrekdesignproject.com/symbols/starfleet-merch-2260s", "Alpha", "2200s", "Movies", "Star Trek Beyond");
INSERT IGNORE INTO badge_affiliation (badge_filename, affiliation_name) VALUES ("Starfleet-Merch-2260s.png", "Starfleet");
INSERT IGNORE INTO badge_type (badge_filename, type_name) VALUES ("Starfleet-Merch-2260s.png", "Commerce");
INSERT IGNORE INTO badge_universe (badge_filename, universe_name) VALUES ("Starfleet-Merch-2260s.png", "Kelvin");
INSERT INTO badge_info (badge_name, badge_filename, badge_url, quadrant, time_period, franchise, reference) VALUES ("Chief Engineer Delta 2250s", "Chief-Engineer-Delta-2250s.png", "https://www.startrekdesignproject.com/symbols/chief-engineer-delta-2250s", "Alpha", "2200s", "Strange New Worlds", "S02E01 The Broken Circle");
INSERT IGNORE INTO badge_affiliation (badge_filename, affiliation_name) VALUES ("Chief-Engineer-Delta-2250s.png", "Starfleet");
INSERT IGNORE INTO badge_type (badge_filename, type_name) VALUES ("Chief-Engineer-Delta-2250s.png", "Insignia");
INSERT IGNORE INTO badge_universe (badge_filename, universe_name) VALUES ("Chief-Engineer-Delta-2250s.png", "Prime");
INSERT INTO badge_info (badge_name, badge_filename, badge_url, quadrant, time_period, franchise, reference) VALUES ("Confederation of Earth Synth", "Confederation-of-Earth-Synth.png", "https://www.startrekdesignproject.com/symbols/confederation-of-earth-synth", "Alpha", "2400s", "Picard", "S02E02 Penance");
INSERT IGNORE INTO badge_affiliation (badge_filename, affiliation_name) VALUES ("Confederation-of-Earth-Synth.png", "Confederation of Earth");
INSERT IGNORE INTO badge_type (badge_filename, type_name) VALUES ("Confederation-of-Earth-Synth.png", "Insignia");
INSERT IGNORE INTO badge_universe (badge_filename, universe_name) VALUES ("Confederation-of-Earth-Synth.png", "Europa");
INSERT INTO badge_info (badge_name, badge_filename, badge_url, quadrant, time_period, franchise, reference) VALUES ("Enterprise Seal 2250s C", "Enterprise-Seal-2250s-C.png", "https://www.startrekdesignproject.com/symbols/enterprise-seal-2250s-c", "Alpha", "2200s", "Strange New Worlds", "S02E04 Among the Lotus Eaters");
INSERT IGNORE INTO badge_affiliation (badge_filename, affiliation_name) VALUES ("Enterprise-Seal-2250s-C.png", "Starfleet");
INSERT IGNORE INTO badge_type (badge_filename, type_name) VALUES ("Enterprise-Seal-2250s-C.png", "Shield/Seal");
INSERT IGNORE INTO badge_universe (badge_filename, universe_name) VALUES ("Enterprise-Seal-2250s-C.png", "Prime");
INSERT INTO badge_info (badge_name, badge_filename, badge_url, quadrant, time_period, franchise, reference) VALUES ("Starfleet Fleet Captain Insignia 2250s", "Starfleet-Fleet-Captain-Insignia-2250s.png", "https://www.startrekdesignproject.com/symbols/starfleet-fleet-captain-insignia-2250s", "Alpha", "2200s", "Strange New Worlds", "S02E06 Lost in Translation");
INSERT IGNORE INTO badge_affiliation (badge_filename, affiliation_name) VALUES ("Starfleet-Fleet-Captain-Insignia-2250s.png", "Starfleet");
INSERT IGNORE INTO badge_type (badge_filename, type_name) VALUES ("Starfleet-Fleet-Captain-Insignia-2250s.png", "Insignia");
INSERT INTO badge_info (badge_name, badge_filename, badge_url, quadrant, time_period, franchise, reference) VALUES ("Voyager Collector Plate (Tom Paris)", "Voyager-Collector-Plate-(Tom-Paris).png", "https://www.startrekdesignproject.com/symbols/voyager-collector-plate-(tom-paris)", "Alpha", "2300s", "Lower Decks", "S02E03 We'll Always Have Tom Paris");
INSERT IGNORE INTO badge_type (badge_filename, type_name) VALUES ("Voyager-Collector-Plate-(Tom-Paris).png", "Commerce");
INSERT IGNORE INTO badge_universe (badge_filename, universe_name) VALUES ("Voyager-Collector-Plate-(Tom-Paris).png", "Prime");
INSERT INTO badge_info (badge_name, badge_filename, badge_url, quadrant, time_period, franchise, reference) VALUES ("Starfleet's Shame", "Starfleet's-Shame.png", "https://www.startrekdesignproject.com/symbols/starfleet's-shame", "Alpha", "2300s", "Lower Decks", "S03E09 Trusted Sources");
INSERT IGNORE INTO badge_affiliation (badge_filename, affiliation_name) VALUES ("Starfleet's-Shame.png", "UFP");
INSERT IGNORE INTO badge_type (badge_filename, type_name) VALUES ("Starfleet's-Shame.png", "Media");
INSERT IGNORE INTO badge_universe (badge_filename, universe_name) VALUES ("Starfleet's-Shame.png", "Prime");
INSERT INTO badge_info (badge_name, badge_filename, badge_url, quadrant, time_period, franchise, reference) VALUES ("Tars Lamora Cargo Label", "Tars-Lamora-Cargo-Label.png", "https://www.startrekdesignproject.com/symbols/tars-lamora-cargo-label", "Delta", "2300s", "Prodigy", "S01E10 A Moral Star, Part 2");
INSERT IGNORE INTO badge_type (badge_filename, type_name) VALUES ("Tars-Lamora-Cargo-Label.png", "Commerce");
INSERT INTO badge_info (badge_name, badge_filename, badge_url, quadrant, time_period, franchise, reference) VALUES ("Starfleet Command Judge Advocate General's Office B", "Starfleet-Command-Judge-Advocate-General's-Office-B.png", "https://www.startrekdesignproject.com/symbols/starfleet-command-judge-advocate-general's-office-b", "Alpha", "2200s", "Strange New Worlds", "S02E02 Ad Astra per Aspera");
INSERT IGNORE INTO badge_affiliation (badge_filename, affiliation_name) VALUES ("Starfleet-Command-Judge-Advocate-General's-Office-B.png", "Starfleet");
INSERT IGNORE INTO badge_type (badge_filename, type_name) VALUES ("Starfleet-Command-Judge-Advocate-General's-Office-B.png", "Seal/Shield");
INSERT IGNORE INTO badge_universe (badge_filename, universe_name) VALUES ("Starfleet-Command-Judge-Advocate-General's-Office-B.png", "Prime");
INSERT INTO badge_info (badge_name, badge_filename, badge_url, quadrant, time_period, franchise, reference) VALUES ("Starfleet Command Judge Advocate General's Office A", "Starfleet-Command-Judge-Advocate-General's-Office-A.png", "https://www.startrekdesignproject.com/symbols/starfleet-command-judge-advocate-general's-office-a", "Alpha", "2200s", "Strange New Worlds", "S02E02 Ad Astra per Aspera");
INSERT IGNORE INTO badge_affiliation (badge_filename, affiliation_name) VALUES ("Starfleet-Command-Judge-Advocate-General's-Office-A.png", "Starfleet");
INSERT IGNORE INTO badge_type (badge_filename, type_name) VALUES ("Starfleet-Command-Judge-Advocate-General's-Office-A.png", "Seal/Shield");
INSERT IGNORE INTO badge_universe (badge_filename, universe_name) VALUES ("Starfleet-Command-Judge-Advocate-General's-Office-A.png", "Prime");
INSERT INTO badge_info (badge_name, badge_filename, badge_url, quadrant, time_period, franchise, reference) VALUES ("Confederation Corps Bridge Officer 2280s", "Confederation-Corps-Bridge-Officer-2280s.png", "https://www.startrekdesignproject.com/symbols/confederation-corps-bridge-officer-2280s", "Alpha", "2200s", "Picard", "S02E02 Penance");
INSERT IGNORE INTO badge_affiliation (badge_filename, affiliation_name) VALUES ("Confederation-Corps-Bridge-Officer-2280s.png", "Earth");
INSERT IGNORE INTO badge_affiliation (badge_filename, affiliation_name) VALUES ("Confederation-Corps-Bridge-Officer-2280s.png", "Confederation of Earth");
INSERT IGNORE INTO badge_type (badge_filename, type_name) VALUES ("Confederation-Corps-Bridge-Officer-2280s.png", "Insignia");
INSERT IGNORE INTO badge_universe (badge_filename, universe_name) VALUES ("Confederation-Corps-Bridge-Officer-2280s.png", "Europa");
INSERT INTO badge_info (badge_name, badge_filename, badge_url, quadrant, time_period, franchise, reference) VALUES ("Confederation Corps Insignia (Lt. Colonel)", "Confederation-Corps-Insignia-(Lt.-Colonel).png", "https://www.startrekdesignproject.com/symbols/confederation-corps-insignia-(lt.-colonel)", "Alpha", "2400s", "Picard", "S02E02 Penance");
INSERT IGNORE INTO badge_affiliation (badge_filename, affiliation_name) VALUES ("Confederation-Corps-Insignia-(Lt.-Colonel).png", "Confederation of Earth");
INSERT IGNORE INTO badge_affiliation (badge_filename, affiliation_name) VALUES ("Confederation-Corps-Insignia-(Lt.-Colonel).png", "Earth");
INSERT IGNORE INTO badge_type (badge_filename, type_name) VALUES ("Confederation-Corps-Insignia-(Lt.-Colonel).png", "Insignia");
INSERT IGNORE INTO badge_universe (badge_filename, universe_name) VALUES ("Confederation-Corps-Insignia-(Lt.-Colonel).png", "Europa");
INSERT INTO badge_info (badge_name, badge_filename, badge_url, quadrant, time_period, franchise, reference) VALUES ("Confederation Corps Insignia (Major)", "Confederation-Corps-Insignia-(Major).png", "https://www.startrekdesignproject.com/symbols/confederation-corps-insignia-(major)", "Alpha", "2400s", "Picard", "S02E02 Penance");
INSERT IGNORE INTO badge_affiliation (badge_filename, affiliation_name) VALUES ("Confederation-Corps-Insignia-(Major).png", "Confederation of Earth");
INSERT IGNORE INTO badge_affiliation (badge_filename, affiliation_name) VALUES ("Confederation-Corps-Insignia-(Major).png", "Earth");
INSERT IGNORE INTO badge_type (badge_filename, type_name) VALUES ("Confederation-Corps-Insignia-(Major).png", "Insignia");
INSERT IGNORE INTO badge_universe (badge_filename, universe_name) VALUES ("Confederation-Corps-Insignia-(Major).png", "Europa");
INSERT INTO badge_info (badge_name, badge_filename, badge_url, quadrant, time_period, franchise, reference) VALUES ("Confederation Corps Insignia (Brigadier General)", "Confederation-Corps-Insignia-(Brigadier-General).png", "https://www.startrekdesignproject.com/symbols/confederation-corps-insignia-(brigadier-general)", "Alpha", "2400s", "Picard", "S02E02 Penance");
INSERT IGNORE INTO badge_affiliation (badge_filename, affiliation_name) VALUES ("Confederation-Corps-Insignia-(Brigadier-General).png", "Confederation of Earth");
INSERT IGNORE INTO badge_affiliation (badge_filename, affiliation_name) VALUES ("Confederation-Corps-Insignia-(Brigadier-General).png", "Earth");
INSERT IGNORE INTO badge_type (badge_filename, type_name) VALUES ("Confederation-Corps-Insignia-(Brigadier-General).png", "Insignia");
INSERT IGNORE INTO badge_universe (badge_filename, universe_name) VALUES ("Confederation-Corps-Insignia-(Brigadier-General).png", "Europa");
INSERT INTO badge_info (badge_name, badge_filename, badge_url, quadrant, time_period, franchise, reference) VALUES ("Confederation Corps Insignia (General)", "Confederation-Corps-Insignia-(General).png", "https://www.startrekdesignproject.com/symbols/confederation-corps-insignia-(general)", "Alpha", "2400s", "Picard", "S02E02 Penance");
INSERT IGNORE INTO badge_affiliation (badge_filename, affiliation_name) VALUES ("Confederation-Corps-Insignia-(General).png", "Confederation of Earth");
INSERT IGNORE INTO badge_affiliation (badge_filename, affiliation_name) VALUES ("Confederation-Corps-Insignia-(General).png", "Earth");
INSERT IGNORE INTO badge_type (badge_filename, type_name) VALUES ("Confederation-Corps-Insignia-(General).png", "Insignia");
INSERT IGNORE INTO badge_universe (badge_filename, universe_name) VALUES ("Confederation-Corps-Insignia-(General).png", "Europa");
INSERT INTO badge_info (badge_name, badge_filename, badge_url, quadrant, time_period, franchise, reference) VALUES ("Confederation Corps Insignia (Colonel)", "Confederation-Corps-Insignia-(Colonel).png", "https://www.startrekdesignproject.com/symbols/confederation-corps-insignia-(colonel)", "Alpha", "2400s", "Picard", "S02E02 Penance");
INSERT IGNORE INTO badge_affiliation (badge_filename, affiliation_name) VALUES ("Confederation-Corps-Insignia-(Colonel).png", "Confederation of Earth");
INSERT IGNORE INTO badge_affiliation (badge_filename, affiliation_name) VALUES ("Confederation-Corps-Insignia-(Colonel).png", "Earth");
INSERT IGNORE INTO badge_type (badge_filename, type_name) VALUES ("Confederation-Corps-Insignia-(Colonel).png", "Insignia");
INSERT IGNORE INTO badge_universe (badge_filename, universe_name) VALUES ("Confederation-Corps-Insignia-(Colonel).png", "Europa");
INSERT INTO badge_info (badge_name, badge_filename, badge_url, quadrant, time_period, franchise, reference) VALUES ("Confederation Corps Insignia (Lieutenant)", "Confederation-Corps-Insignia-(Lieutenant).png", "https://www.startrekdesignproject.com/symbols/confederation-corps-insignia-(lieutenant)", "Alpha", "2400s", "Picard", "S02E02 Penance");
INSERT IGNORE INTO badge_affiliation (badge_filename, affiliation_name) VALUES ("Confederation-Corps-Insignia-(Lieutenant).png", "Confederation of Earth");
INSERT IGNORE INTO badge_affiliation (badge_filename, affiliation_name) VALUES ("Confederation-Corps-Insignia-(Lieutenant).png", "Earth");
INSERT IGNORE INTO badge_type (badge_filename, type_name) VALUES ("Confederation-Corps-Insignia-(Lieutenant).png", "Insignia");
INSERT IGNORE INTO badge_universe (badge_filename, universe_name) VALUES ("Confederation-Corps-Insignia-(Lieutenant).png", "Europa");
INSERT INTO badge_info (badge_name, badge_filename, badge_url, quadrant, time_period, franchise, reference) VALUES ("Confederation Corps Insignia (Captain)", "Confederation-Corps-Insignia-(Captain).png", "https://www.startrekdesignproject.com/symbols/confederation-corps-insignia-(captain)", "Alpha", "2400s", "Picard", "S02E02 Penance");
INSERT IGNORE INTO badge_affiliation (badge_filename, affiliation_name) VALUES ("Confederation-Corps-Insignia-(Captain).png", "Confederation of Earth");
INSERT IGNORE INTO badge_affiliation (badge_filename, affiliation_name) VALUES ("Confederation-Corps-Insignia-(Captain).png", "Earth");
INSERT IGNORE INTO badge_type (badge_filename, type_name) VALUES ("Confederation-Corps-Insignia-(Captain).png", "Insignia");
INSERT IGNORE INTO badge_universe (badge_filename, universe_name) VALUES ("Confederation-Corps-Insignia-(Captain).png", "Europa");
INSERT INTO badge_info (badge_name, badge_filename, badge_url, quadrant, time_period, franchise, reference) VALUES ("Starfleet Medical 2400s", "Starfleet-Medical-2400s.png", "https://www.startrekdesignproject.com/symbols/starfleet-medical-2400s", "Alpha", "2400s", "Picard", "S03E05 Imposters");
INSERT IGNORE INTO badge_affiliation (badge_filename, affiliation_name) VALUES ("Starfleet-Medical-2400s.png", "Starfleet");
INSERT IGNORE INTO badge_type (badge_filename, type_name) VALUES ("Starfleet-Medical-2400s.png", "Science/Research");
INSERT IGNORE INTO badge_universe (badge_filename, universe_name) VALUES ("Starfleet-Medical-2400s.png", "Prime");
INSERT INTO badge_info (badge_name, badge_filename, badge_url, quadrant, time_period, franchise, reference) VALUES ("Confederation Corps Synth", "Confederation-Corps-Synth.png", "https://www.startrekdesignproject.com/symbols/confederation-corps-synth", "Alpha", "2400s", "Picard", "S02E02 Penance");
INSERT IGNORE INTO badge_affiliation (badge_filename, affiliation_name) VALUES ("Confederation-Corps-Synth.png", "Confederation of Earth");
INSERT IGNORE INTO badge_affiliation (badge_filename, affiliation_name) VALUES ("Confederation-Corps-Synth.png", "Earth");
INSERT IGNORE INTO badge_type (badge_filename, type_name) VALUES ("Confederation-Corps-Synth.png", "Law Enforcement");
INSERT IGNORE INTO badge_universe (badge_filename, universe_name) VALUES ("Confederation-Corps-Synth.png", "Europa");
INSERT INTO badge_info (badge_name, badge_filename, badge_url, quadrant, time_period, franchise, reference) VALUES ("Quark Bucks", "Quark-Bucks.png", "https://www.startrekdesignproject.com/symbols/quark-bucks", "Alpha", "2300s", "Lower Decks", "S03E06 Hear All, Trust Nothing");
INSERT IGNORE INTO badge_affiliation (badge_filename, affiliation_name) VALUES ("Quark-Bucks.png", "Quark");
INSERT IGNORE INTO badge_affiliation (badge_filename, affiliation_name) VALUES ("Quark-Bucks.png", "Ferengi Alliance");
INSERT IGNORE INTO badge_type (badge_filename, type_name) VALUES ("Quark-Bucks.png", "Commerce");
INSERT IGNORE INTO badge_universe (badge_filename, universe_name) VALUES ("Quark-Bucks.png", "Prime");
INSERT INTO badge_info (badge_name, badge_filename, badge_url, quadrant, time_period, franchise, reference) VALUES ("Chu Chu Dance", "Chu-Chu-Dance.png", "https://www.startrekdesignproject.com/symbols/chu-chu-dance", "Alpha", "2300s", "Lower Decks", "S01E06 Terminal Provocations");
INSERT IGNORE INTO badge_type (badge_filename, type_name) VALUES ("Chu-Chu-Dance.png", "Commerce");
INSERT IGNORE INTO badge_universe (badge_filename, universe_name) VALUES ("Chu-Chu-Dance.png", "Prime");
INSERT INTO badge_info (badge_name, badge_filename, badge_url, quadrant, time_period, franchise, reference) VALUES ("Independent Archaeologists Guild", "Independent-Archaeologists-Guild.png", "https://www.startrekdesignproject.com/symbols/independent-archaeologists-guild", "Alpha", "2300s", "Lower Decks", "S03E10 The Stars At Night");
INSERT IGNORE INTO badge_type (badge_filename, type_name) VALUES ("Independent-Archaeologists-Guild.png", "Science/Research");
INSERT IGNORE INTO badge_universe (badge_filename, universe_name) VALUES ("Independent-Archaeologists-Guild.png", "Prime");
INSERT INTO badge_info (badge_name, badge_filename, badge_url, quadrant, time_period, franchise, reference) VALUES ("United Earth and Titan", "United-Earth-and-Titan.png", "https://www.startrekdesignproject.com/symbols/united-earth-and-titan", "Alpha", "3100s", "Discovery", "S04E13 Coming Home");
INSERT IGNORE INTO badge_affiliation (badge_filename, affiliation_name) VALUES ("United-Earth-and-Titan.png", "Earth");
INSERT IGNORE INTO badge_type (badge_filename, type_name) VALUES ("United-Earth-and-Titan.png", "Species/Civilization");
INSERT IGNORE INTO badge_universe (badge_filename, universe_name) VALUES ("United-Earth-and-Titan.png", "Prime");
INSERT INTO badge_info (badge_name, badge_filename, badge_url, quadrant, time_period, franchise, reference) VALUES ("Starfleet Biomonitor", "Starfleet-Biomonitor.png", "https://www.startrekdesignproject.com/symbols/starfleet-biomonitor", "Alpha", "2200s", "Movies", "Star Trek: The Motion Picture");
INSERT IGNORE INTO badge_affiliation (badge_filename, affiliation_name) VALUES ("Starfleet-Biomonitor.png", "Starfleet");
INSERT IGNORE INTO badge_universe (badge_filename, universe_name) VALUES ("Starfleet-Biomonitor.png", "Prime");
INSERT INTO badge_info (badge_name, badge_filename, badge_url, quadrant, time_period, franchise, reference) VALUES ("Historical Bozeman", "Historical-Bozeman.png", "https://www.startrekdesignproject.com/symbols/historical-bozeman", "Alpha", "2300s", "Lower Decks", "S03E01 Grounded");
INSERT IGNORE INTO badge_affiliation (badge_filename, affiliation_name) VALUES ("Historical-Bozeman.png", "Historical Bozeman");
INSERT IGNORE INTO badge_type (badge_filename, type_name) VALUES ("Historical-Bozeman.png", "Sign/Poster");
INSERT IGNORE INTO badge_universe (badge_filename, universe_name) VALUES ("Historical-Bozeman.png", "Prime");
INSERT INTO badge_info (badge_name, badge_filename, badge_url, quadrant, time_period, franchise, reference) VALUES ("Bat'leths 'R' Us", "Bat'leths-'R'-Us.png", "https://www.startrekdesignproject.com/symbols/bat'leths-'r'-us", "Alpha", "2300s", "Lower Decks", "S03E06 Hear All, Trust Nothing");
INSERT IGNORE INTO badge_affiliation (badge_filename, affiliation_name) VALUES ("Bat'leths-'R'-Us.png", "Klingon Empire");
INSERT IGNORE INTO badge_type (badge_filename, type_name) VALUES ("Bat'leths-'R'-Us.png", "Sign/Poster");
INSERT IGNORE INTO badge_type (badge_filename, type_name) VALUES ("Bat'leths-'R'-Us.png", "DS9 Promenade");
INSERT IGNORE INTO badge_type (badge_filename, type_name) VALUES ("Bat'leths-'R'-Us.png", "Commerce");
INSERT IGNORE INTO badge_universe (badge_filename, universe_name) VALUES ("Bat'leths-'R'-Us.png", "Prime");
INSERT INTO badge_info (badge_name, badge_filename, badge_url, quadrant, time_period, franchise, reference) VALUES ("Starfleet Security Division 2400", "Starfleet-Security-Division-2400.png", "https://www.startrekdesignproject.com/symbols/starfleet-security-division-2400", "Alpha", "2400s", "Picard", "S03E08 Surrender");
INSERT IGNORE INTO badge_affiliation (badge_filename, affiliation_name) VALUES ("Starfleet-Security-Division-2400.png", "Starfleet");
INSERT IGNORE INTO badge_type (badge_filename, type_name) VALUES ("Starfleet-Security-Division-2400.png", "Pictogram");
INSERT IGNORE INTO badge_universe (badge_filename, universe_name) VALUES ("Starfleet-Security-Division-2400.png", "Prime");
INSERT INTO badge_info (badge_name, badge_filename, badge_url, quadrant, time_period, franchise, reference) VALUES ("Street Fighting Sim Sign D", "Street-Fighting-Sim-Sign-D.png", "https://www.startrekdesignproject.com/symbols/street-fighting-sim-sign-d", "Other", "2300s", "Prodigy", "S01E17 Ghost in the Machine");
INSERT IGNORE INTO badge_affiliation (badge_filename, affiliation_name) VALUES ("Street-Fighting-Sim-Sign-D.png", "Street Fighting Sim");
INSERT IGNORE INTO badge_type (badge_filename, type_name) VALUES ("Street-Fighting-Sim-Sign-D.png", "Holodeck");
INSERT IGNORE INTO badge_type (badge_filename, type_name) VALUES ("Street-Fighting-Sim-Sign-D.png", "Sign/Poster");
INSERT IGNORE INTO badge_universe (badge_filename, universe_name) VALUES ("Street-Fighting-Sim-Sign-D.png", "Prime");
INSERT INTO badge_info (badge_name, badge_filename, badge_url, quadrant, time_period, franchise, reference) VALUES ("Street Fighting Sim Sign B", "Street-Fighting-Sim-Sign-B.png", "https://www.startrekdesignproject.com/symbols/street-fighting-sim-sign-b", "Other", "2300s", "Prodigy", "S01E17 Ghost in the Machine");
INSERT IGNORE INTO badge_affiliation (badge_filename, affiliation_name) VALUES ("Street-Fighting-Sim-Sign-B.png", "Street Fighting Sim");
INSERT IGNORE INTO badge_type (badge_filename, type_name) VALUES ("Street-Fighting-Sim-Sign-B.png", "Holodeck");
INSERT IGNORE INTO badge_type (badge_filename, type_name) VALUES ("Street-Fighting-Sim-Sign-B.png", "Sign/Poster");
INSERT IGNORE INTO badge_universe (badge_filename, universe_name) VALUES ("Street-Fighting-Sim-Sign-B.png", "Prime");
INSERT INTO badge_info (badge_name, badge_filename, badge_url, quadrant, time_period, franchise, reference) VALUES ("Street Fighting Sim Sign A", "Street-Fighting-Sim-Sign-A.png", "https://www.startrekdesignproject.com/symbols/street-fighting-sim-sign-a", "Other", "2300s", "Prodigy", "S01E17 Ghost in the Machine");
INSERT IGNORE INTO badge_affiliation (badge_filename, affiliation_name) VALUES ("Street-Fighting-Sim-Sign-A.png", "Street Fighting Sim");
INSERT IGNORE INTO badge_type (badge_filename, type_name) VALUES ("Street-Fighting-Sim-Sign-A.png", "Holodeck");
INSERT IGNORE INTO badge_type (badge_filename, type_name) VALUES ("Street-Fighting-Sim-Sign-A.png", "Sign/Poster");
INSERT IGNORE INTO badge_universe (badge_filename, universe_name) VALUES ("Street-Fighting-Sim-Sign-A.png", "Prime");
INSERT INTO badge_info (badge_name, badge_filename, badge_url, quadrant, time_period, franchise, reference) VALUES ("Street Fighting Sim Sign C", "Street-Fighting-Sim-Sign-C.png", "https://www.startrekdesignproject.com/symbols/street-fighting-sim-sign-c", "Other", "2300s", "Prodigy", "S01E17 Ghost in the Machine");
INSERT IGNORE INTO badge_affiliation (badge_filename, affiliation_name) VALUES ("Street-Fighting-Sim-Sign-C.png", "Street Fighting Sim");
INSERT IGNORE INTO badge_type (badge_filename, type_name) VALUES ("Street-Fighting-Sim-Sign-C.png", "Holodeck");
INSERT IGNORE INTO badge_type (badge_filename, type_name) VALUES ("Street-Fighting-Sim-Sign-C.png", "Sign/Poster");
INSERT IGNORE INTO badge_universe (badge_filename, universe_name) VALUES ("Street-Fighting-Sim-Sign-C.png", "Prime");
INSERT INTO badge_info (badge_name, badge_filename, badge_url, quadrant, time_period, franchise, reference) VALUES ("Starfleet PADD", "Starfleet-PADD.png", "https://www.startrekdesignproject.com/symbols/starfleet-padd", "Alpha", "2300s", "Prodigy", "S01E14 Crossroads");
INSERT IGNORE INTO badge_affiliation (badge_filename, affiliation_name) VALUES ("Starfleet-PADD.png", "Starfleet");
INSERT IGNORE INTO badge_type (badge_filename, type_name) VALUES ("Starfleet-PADD.png", "Product");
INSERT IGNORE INTO badge_universe (badge_filename, universe_name) VALUES ("Starfleet-PADD.png", "Prime");
INSERT INTO badge_info (badge_name, badge_filename, badge_url, quadrant, time_period, franchise, reference) VALUES ("Starfleet Medical 2380s D", "Starfleet-Medical-2380s-D.png", "https://www.startrekdesignproject.com/symbols/starfleet-medical-2380s-d", "Alpha", "2300s", "Prodigy", "S01E13 All the World's a Stage");
INSERT IGNORE INTO badge_affiliation (badge_filename, affiliation_name) VALUES ("Starfleet-Medical-2380s-D.png", "Starfleet");
INSERT IGNORE INTO badge_type (badge_filename, type_name) VALUES ("Starfleet-Medical-2380s-D.png", "Science/Research");
INSERT IGNORE INTO badge_universe (badge_filename, universe_name) VALUES ("Starfleet-Medical-2380s-D.png", "Prime");
INSERT INTO badge_info (badge_name, badge_filename, badge_url, quadrant, time_period, franchise, reference) VALUES ("The Key Club", "The-Key-Club.png", "https://www.startrekdesignproject.com/symbols/the-key-club", "Alpha", "2300s", "Prodigy", "S01E17 Ghost in the Machine");
INSERT IGNORE INTO badge_type (badge_filename, type_name) VALUES ("The-Key-Club.png", "Holodeck");
INSERT IGNORE INTO badge_type (badge_filename, type_name) VALUES ("The-Key-Club.png", "Sign/Poster");
INSERT IGNORE INTO badge_universe (badge_filename, universe_name) VALUES ("The-Key-Club.png", "Prime");
INSERT INTO badge_info (badge_name, badge_filename, badge_url, quadrant, time_period, franchise, reference) VALUES ("UFP Flag 2380s", "UFP-Flag-2380s.png", "https://www.startrekdesignproject.com/symbols/ufp-flag-2380s", "Alpha", "2300s", "Prodigy", "S03E20 Supernova, Part 2");
INSERT IGNORE INTO badge_affiliation (badge_filename, affiliation_name) VALUES ("UFP-Flag-2380s.png", "UFP");
INSERT IGNORE INTO badge_type (badge_filename, type_name) VALUES ("UFP-Flag-2380s.png", "Flag/Banner");
INSERT IGNORE INTO badge_universe (badge_filename, universe_name) VALUES ("UFP-Flag-2380s.png", "Prime");
INSERT INTO badge_info (badge_name, badge_filename, badge_url, quadrant, time_period, franchise, reference) VALUES ("Collectors Guild 2360s", "Collectors-Guild-2360s.png", "https://www.startrekdesignproject.com/symbols/collectors-guild-2360s", "Alpha", "2300s", "The Next Generation", "S03E22 The Most Toys");
INSERT IGNORE INTO badge_type (badge_filename, type_name) VALUES ("Collectors-Guild-2360s.png", "Insignia");
INSERT IGNORE INTO badge_universe (badge_filename, universe_name) VALUES ("Collectors-Guild-2360s.png", "Prime");
INSERT INTO badge_info (badge_name, badge_filename, badge_url, quadrant, time_period, franchise, reference) VALUES ("Prodigy Ship Directional (Sample)", "Prodigy-Ship-Directional-(Sample).png", "https://www.startrekdesignproject.com/symbols/prodigy-ship-directional-(sample)", "Alpha", "2300s", "Prodigy", "S01E10 A Moral Star, Part 2");
INSERT IGNORE INTO badge_affiliation (badge_filename, affiliation_name) VALUES ("Prodigy-Ship-Directional-(Sample).png", "Starfleet");
INSERT IGNORE INTO badge_type (badge_filename, type_name) VALUES ("Prodigy-Ship-Directional-(Sample).png", "Advisory");
INSERT IGNORE INTO badge_universe (badge_filename, universe_name) VALUES ("Prodigy-Ship-Directional-(Sample).png", "Prime");
INSERT INTO badge_info (badge_name, badge_filename, badge_url, quadrant, time_period, franchise, reference) VALUES ("Denaxi Depot Cargo Label", "Denaxi-Depot-Cargo-Label.png", "https://www.startrekdesignproject.com/symbols/denaxi-depot-cargo-label", "Beta", "2300s", "Prodigy", "S01E15 Crossroads");
INSERT IGNORE INTO badge_type (badge_filename, type_name) VALUES ("Denaxi-Depot-Cargo-Label.png", "Commerce");
INSERT IGNORE INTO badge_universe (badge_filename, universe_name) VALUES ("Denaxi-Depot-Cargo-Label.png", "Prime");
INSERT INTO badge_info (badge_name, badge_filename, badge_url, quadrant, time_period, franchise, reference) VALUES ("Klingon Advisory (Sample)", "Klingon-Advisory-(Sample).png", "https://www.startrekdesignproject.com/symbols/klingon-advisory-(sample)", "Beta", "2300s", "The Next Generation", "S03E17 Sins of The Father");
INSERT IGNORE INTO badge_affiliation (badge_filename, affiliation_name) VALUES ("Klingon-Advisory-(Sample).png", "Klingon Empire");
INSERT IGNORE INTO badge_type (badge_filename, type_name) VALUES ("Klingon-Advisory-(Sample).png", "Pictogram");
INSERT IGNORE INTO badge_universe (badge_filename, universe_name) VALUES ("Klingon-Advisory-(Sample).png", "Prime");
INSERT INTO badge_info (badge_name, badge_filename, badge_url, quadrant, time_period, franchise, reference) VALUES ("Free Spirit", "Free-Spirit.png", "https://www.startrekdesignproject.com/symbols/free-spirit", "Alpha", "2300s", "Lower Decks", "S03E09 Trusted Sources");
INSERT IGNORE INTO badge_type (badge_filename, type_name) VALUES ("Free-Spirit.png", "Starship");
INSERT IGNORE INTO badge_universe (badge_filename, universe_name) VALUES ("Free-Spirit.png", "Prime");
