INSERT INTO badge_info (badge_name, badge_filename, badge_url, quadrant, time_period, franchise, reference) VALUES ("Claudius Marcus", "Claudius-Marcus.png", "https://www.startrekdesignproject.com/symbols/claudius-marcus", "Alpha", "2200s", "TOS", "S02E14 Bread and Circuses");
INSERT IGNORE INTO badge_affiliation (badge_filename, affiliation_name) VALUES ("Claudius-Marcus.png", "892-IV");
INSERT IGNORE INTO badge_type (badge_filename, type_name) VALUES ("Claudius-Marcus.png", "Seal/Shield");
INSERT IGNORE INTO badge_universe (badge_filename, universe_name) VALUES ("Claudius-Marcus.png", "Prime");
INSERT INTO badge_info (badge_name, badge_filename, badge_url, quadrant, time_period, franchise, reference) VALUES ("AMIGUS Banner E", "AMIGUS-Banner-E.png", "https://www.startrekdesignproject.com/symbols/amigus-banner-e", "Alpha", "2300s", "Lower Decks", "S04E07 A Few Badgeys More");
INSERT IGNORE INTO badge_affiliation (badge_filename, affiliation_name) VALUES ("AMIGUS-Banner-E.png", "AGIMUS");
INSERT IGNORE INTO badge_type (badge_filename, type_name) VALUES ("AMIGUS-Banner-E.png", "Flag/Banner");
INSERT IGNORE INTO badge_universe (badge_filename, universe_name) VALUES ("AMIGUS-Banner-E.png", "Prime");
INSERT INTO badge_info (badge_name, badge_filename, badge_url, quadrant, time_period, franchise, reference) VALUES ("AMIGUS Banner D", "AMIGUS-Banner-D.png", "https://www.startrekdesignproject.com/symbols/amigus-banner-d", "Alpha", "2300s", "Lower Decks", "");
INSERT IGNORE INTO badge_affiliation (badge_filename, affiliation_name) VALUES ("AMIGUS-Banner-D.png", "AGIMUS");
INSERT IGNORE INTO badge_type (badge_filename, type_name) VALUES ("AMIGUS-Banner-D.png", "Flag/Banner");
INSERT IGNORE INTO badge_universe (badge_filename, universe_name) VALUES ("AMIGUS-Banner-D.png", "Prime");
INSERT INTO badge_info (badge_name, badge_filename, badge_url, quadrant, time_period, franchise, reference) VALUES ("Klingon Oversight Council Banner", "Klingon-Oversight-Council-Banner.png", "https://www.startrekdesignproject.com/symbols/klingon-oversight-council-banner", "Beta", "2300s", "Lower Decks", "E05E04 A Farewell To Farms");
INSERT IGNORE INTO badge_affiliation (badge_filename, affiliation_name) VALUES ("Klingon-Oversight-Council-Banner.png", "Klingon Empire");
INSERT IGNORE INTO badge_type (badge_filename, type_name) VALUES ("Klingon-Oversight-Council-Banner.png", "Flag/Banner");
INSERT IGNORE INTO badge_universe (badge_filename, universe_name) VALUES ("Klingon-Oversight-Council-Banner.png", "Prime");
INSERT INTO badge_info (badge_name, badge_filename, badge_url, quadrant, time_period, franchise, reference) VALUES ("Temple of Dread", "Temple-of-Dread.png", "https://www.startrekdesignproject.com/symbols/temple-of-dread", "Alpha", "2300s", "Lower Decks", "S05E03 The Best Exotic Nanite Hotel");
INSERT IGNORE INTO badge_affiliation (badge_filename, affiliation_name) VALUES ("Temple-of-Dread.png", "Risa");
INSERT IGNORE INTO badge_type (badge_filename, type_name) VALUES ("Temple-of-Dread.png", "Religious");
INSERT IGNORE INTO badge_universe (badge_filename, universe_name) VALUES ("Temple-of-Dread.png", "Prime");
INSERT INTO badge_info (badge_name, badge_filename, badge_url, quadrant, time_period, franchise, reference) VALUES ("Blue Orions", "Blue-Orions.png", "https://www.startrekdesignproject.com/symbols/blue-orions", "Alpha", "2300s", "Lower Decks", "S05E01 Dos Cerritos");
INSERT IGNORE INTO badge_affiliation (badge_filename, affiliation_name) VALUES ("Blue-Orions.png", "Orion");
INSERT IGNORE INTO badge_type (badge_filename, type_name) VALUES ("Blue-Orions.png", "Species/Civilization");
INSERT IGNORE INTO badge_universe (badge_filename, universe_name) VALUES ("Blue-Orions.png", "Prime");
INSERT INTO badge_info (badge_name, badge_filename, badge_url, quadrant, time_period, franchise, reference) VALUES ("Empire TV B", "Empire-TV-B.png", "https://www.startrekdesignproject.com/symbols/empire-tv-b", "Beta", "2200s", "TOS", "S02E14 Bread and Circuses");
INSERT IGNORE INTO badge_affiliation (badge_filename, affiliation_name) VALUES ("Empire-TV-B.png", "892-IV");
INSERT IGNORE INTO badge_type (badge_filename, type_name) VALUES ("Empire-TV-B.png", "Media");
INSERT IGNORE INTO badge_universe (badge_filename, universe_name) VALUES ("Empire-TV-B.png", "Prime");
INSERT INTO badge_info (badge_name, badge_filename, badge_url, quadrant, time_period, franchise, reference) VALUES ("Empire TV A", "Empire-TV-A.png", "https://www.startrekdesignproject.com/symbols/empire-tv-a", "Alpha", "2200s", "TOS", "S02E14 Bread and Circuses");
INSERT IGNORE INTO badge_affiliation (badge_filename, affiliation_name) VALUES ("Empire-TV-A.png", "892-IV");
INSERT IGNORE INTO badge_type (badge_filename, type_name) VALUES ("Empire-TV-A.png", "Media");
INSERT IGNORE INTO badge_universe (badge_filename, universe_name) VALUES ("Empire-TV-A.png", "Prime");
INSERT INTO badge_info (badge_name, badge_filename, badge_url, quadrant, time_period, franchise, reference) VALUES ("Lornak'S", "Lornak'S.png", "https://www.startrekdesignproject.com/symbols/lornak-s", "Beta", "2300s", "Lower Decks", "S05E01 Dos Cerritos");
INSERT IGNORE INTO badge_affiliation (badge_filename, affiliation_name) VALUES ("Lornak'S.png", "Starfleet");
INSERT IGNORE INTO badge_type (badge_filename, type_name) VALUES ("Lornak'S.png", "Mission Patch");
INSERT IGNORE INTO badge_universe (badge_filename, universe_name) VALUES ("Lornak'S.png", "Prime");
INSERT INTO badge_info (badge_name, badge_filename, badge_url, quadrant, time_period, franchise, reference) VALUES ("The Risa Bar", "The-Risa-Bar.png", "https://www.startrekdesignproject.com/symbols/the-risa-bar", "Alpha", "2300s", "Lower Decks", "S05E03 The Best Exotic Nanite Hotel");
INSERT IGNORE INTO badge_affiliation (badge_filename, affiliation_name) VALUES ("The-Risa-Bar.png", "Risa");
INSERT IGNORE INTO badge_type (badge_filename, type_name) VALUES ("The-Risa-Bar.png", "Commerce");
INSERT IGNORE INTO badge_universe (badge_filename, universe_name) VALUES ("The-Risa-Bar.png", "Prime");
INSERT INTO badge_info (badge_name, badge_filename, badge_url, quadrant, time_period, franchise, reference) VALUES ("N'ob's", "N'ob's.png", "https://www.startrekdesignproject.com/symbols/n-ob-s", "Beta", "2300s", "Lower Decks", "S05E05 Starbase 80?!");
INSERT IGNORE INTO badge_affiliation (badge_filename, affiliation_name) VALUES ("N'ob's.png", "Starbase 80");
INSERT IGNORE INTO badge_type (badge_filename, type_name) VALUES ("N'ob's.png", "Commerce");
INSERT IGNORE INTO badge_universe (badge_filename, universe_name) VALUES ("N'ob's.png", "Prime");
