BEGIN;
INSERT IGNORE INTO badge_affiliation (badge_filename, affiliation_name) VALUES ("Welcome-Sign.png", "Holodeck");
INSERT IGNORE INTO badge_affiliation (badge_filename, affiliation_name) VALUES ("Welcome-Sign.png", "Fair Haven");
INSERT IGNORE INTO badge_type (badge_filename, type_name) VALUES ("Welcome-Sign.png", "Sign/Poster");
INSERT IGNORE INTO badge_universe (badge_filename, universe_name) VALUES ("Welcome-Sign.png", "Prime");
INSERT INTO badge_info (badge_name, badge_filename, badge_url, quadrant, time_period, franchise, reference) VALUES ("Confederation of Earth Office of the President Seal", "Confederation-of-Earth-Office-of-the-President-Seal.png", "https://www.startrekdesignproject.com/symbols/confederation-of-earth-office-of-the-president-seal", "Alpha", "2400s", "Picard", "S02E02 Penance");
INSERT IGNORE INTO badge_affiliation (badge_filename, affiliation_name) VALUES ("Confederation-of-Earth-Office-of-the-President-Seal.png", "Confederation of Earth");
INSERT IGNORE INTO badge_type (badge_filename, type_name) VALUES ("Confederation-of-Earth-Office-of-the-President-Seal.png", "Seal/Shield");
INSERT IGNORE INTO badge_universe (badge_filename, universe_name) VALUES ("Confederation-of-Earth-Office-of-the-President-Seal.png", "Europa");
INSERT INTO badge_info (badge_name, badge_filename, badge_url, quadrant, time_period, franchise, reference) VALUES ("Slug-o-Cola-2370s", "Slug-o-Cola-2370s.png", "https://www.startrekdesignproject.com/symbols/slug-o-cola-2370s", "Alpha", "2300s", "Deep Space 9", "S06E23 Profit and Lace");
INSERT IGNORE INTO badge_affiliation (badge_filename, affiliation_name) VALUES ("Slug-o-Cola-2370s.png", "Ferengi Alliance");
INSERT IGNORE INTO badge_type (badge_filename, type_name) VALUES ("Slug-o-Cola-2370s.png", "Product");
INSERT IGNORE INTO badge_type (badge_filename, type_name) VALUES ("Slug-o-Cola-2370s.png", "Commerce");
INSERT IGNORE INTO badge_universe (badge_filename, universe_name) VALUES ("Slug-o-Cola-2370s.png", "Prime");
INSERT INTO badge_info (badge_name, badge_filename, badge_url, quadrant, time_period, franchise, reference) VALUES ("Bela Okmyx", "Bela-Okmyx.png", "https://www.startrekdesignproject.com/symbols/bela-okmyx", "Alpha", "2200s", "TOS", "S02E20 A Piece of the Action");
INSERT IGNORE INTO badge_type (badge_filename, type_name) VALUES ("Bela-Okmyx.png", "Sign/Poster");
INSERT IGNORE INTO badge_universe (badge_filename, universe_name) VALUES ("Bela-Okmyx.png", "Prime");
INSERT INTO badge_info (badge_name, badge_filename, badge_url, quadrant, time_period, franchise, reference) VALUES ("Geo. Pattrick Fruits & Veg.'s", "Geo.-Pattrick-Fruits-&-Veg.'s.png", "https://www.startrekdesignproject.com/symbols/geo-pattrick-fruits-and-veg-s", "Alpha", "2300s", "Voyager", "S06E11 Fair Haven");
INSERT IGNORE INTO badge_affiliation (badge_filename, affiliation_name) VALUES ("Geo.-Pattrick-Fruits-&-Veg.'s.png", "Holodeck");
INSERT IGNORE INTO badge_affiliation (badge_filename, affiliation_name) VALUES ("Geo.-Pattrick-Fruits-&-Veg.'s.png", "Fair Haven");
INSERT IGNORE INTO badge_type (badge_filename, type_name) VALUES ("Geo.-Pattrick-Fruits-&-Veg.'s.png", "Sign/Poster");
INSERT IGNORE INTO badge_type (badge_filename, type_name) VALUES ("Geo.-Pattrick-Fruits-&-Veg.'s.png", "Commerce");
INSERT IGNORE INTO badge_universe (badge_filename, universe_name) VALUES ("Geo.-Pattrick-Fruits-&-Veg.'s.png", "Prime");
INSERT INTO badge_info (badge_name, badge_filename, badge_url, quadrant, time_period, franchise, reference) VALUES ("Fair Faven Post Office", "Fair-Faven-Post-Office.png", "https://www.startrekdesignproject.com/symbols/fair-faven-post-office", "Alpha", "2300s", "Voyager", "S06E11 \"Fair Haven\"");
INSERT IGNORE INTO badge_affiliation (badge_filename, affiliation_name) VALUES ("Fair-Faven-Post-Office.png", "Holodeck");
INSERT IGNORE INTO badge_affiliation (badge_filename, affiliation_name) VALUES ("Fair-Faven-Post-Office.png", "Fair Haven");
INSERT IGNORE INTO badge_type (badge_filename, type_name) VALUES ("Fair-Faven-Post-Office.png", "Sign/Poster");
INSERT IGNORE INTO badge_universe (badge_filename, universe_name) VALUES ("Fair-Faven-Post-Office.png", "Prime");
INSERT INTO badge_info (badge_name, badge_filename, badge_url, quadrant, time_period, franchise, reference) VALUES ("Fair Haven Station", "Fair-Haven-Station.png", "https://www.startrekdesignproject.com/symbols/fair-haven-station", "Alpha", "2300s", "Voyager", "S06E11 \"Fair Haven\"");
INSERT IGNORE INTO badge_affiliation (badge_filename, affiliation_name) VALUES ("Fair-Haven-Station.png", "Holodeck");
INSERT IGNORE INTO badge_affiliation (badge_filename, affiliation_name) VALUES ("Fair-Haven-Station.png", "Fair Haven");
INSERT IGNORE INTO badge_type (badge_filename, type_name) VALUES ("Fair-Haven-Station.png", "Sign/Poster");
INSERT IGNORE INTO badge_universe (badge_filename, universe_name) VALUES ("Fair-Haven-Station.png", "Prime");
INSERT INTO badge_info (badge_name, badge_filename, badge_url, quadrant, time_period, franchise, reference) VALUES ("Hrothgar's Banner", "Hrothgar's-Banner.png", "https://www.startrekdesignproject.com/symbols/hrothgar-s-banner", "Alpha", "2300s", "Voyager", "S01E12 Heroes and Demons");
INSERT IGNORE INTO badge_affiliation (badge_filename, affiliation_name) VALUES ("Hrothgar's-Banner.png", "Holodeck");
INSERT IGNORE INTO badge_type (badge_filename, type_name) VALUES ("Hrothgar's-Banner.png", "Flag/Banner");
INSERT IGNORE INTO badge_universe (badge_filename, universe_name) VALUES ("Hrothgar's-Banner.png", "Prime");
INSERT INTO badge_info (badge_name, badge_filename, badge_url, quadrant, time_period, franchise, reference) VALUES ("Cor Caroli V Honorary Citizen", "Cor-Caroli-V-Honorary-Citizen.png", "https://www.startrekdesignproject.com/symbols/cor-caroli-v-honorary-citizen", "Alpha", "2400s", "Picard", "S03E01 The Next Generation");
INSERT IGNORE INTO badge_type (badge_filename, type_name) VALUES ("Cor-Caroli-V-Honorary-Citizen.png", "Science/Research");
INSERT IGNORE INTO badge_universe (badge_filename, universe_name) VALUES ("Cor-Caroli-V-Honorary-Citizen.png", "Prime");
INSERT INTO badge_info (badge_name, badge_filename, badge_url, quadrant, time_period, franchise, reference) VALUES ("Klingon Acid Punk Album D", "Klingon-Acid-Punk-Album-D.png", "https://www.startrekdesignproject.com/symbols/klingon-acid-punk-album-d", "Beta", "2300s", "Lower Decks", "S02E03 We'll Always Have Tom Paris");
INSERT IGNORE INTO badge_affiliation (badge_filename, affiliation_name) VALUES ("Klingon-Acid-Punk-Album-D.png", "Klingon Empire");
INSERT IGNORE INTO badge_type (badge_filename, type_name) VALUES ("Klingon-Acid-Punk-Album-D.png", "Media");
INSERT IGNORE INTO badge_type (badge_filename, type_name) VALUES ("Klingon-Acid-Punk-Album-D.png", "Commerce");
INSERT IGNORE INTO badge_universe (badge_filename, universe_name) VALUES ("Klingon-Acid-Punk-Album-D.png", "Prime");
INSERT INTO badge_info (badge_name, badge_filename, badge_url, quadrant, time_period, franchise, reference) VALUES ("Klingon Acid Punk Album C", "Klingon-Acid-Punk-Album-C.png", "https://www.startrekdesignproject.com/symbols/klingon-acid-punk-album-c", "Beta", "2300s", "Lower Decks", "S02E03 We'll Always Have Tom Paris");
INSERT IGNORE INTO badge_affiliation (badge_filename, affiliation_name) VALUES ("Klingon-Acid-Punk-Album-C.png", "Klingon Empire");
INSERT IGNORE INTO badge_type (badge_filename, type_name) VALUES ("Klingon-Acid-Punk-Album-C.png", "Media");
INSERT IGNORE INTO badge_type (badge_filename, type_name) VALUES ("Klingon-Acid-Punk-Album-C.png", "Commerce");
INSERT IGNORE INTO badge_universe (badge_filename, universe_name) VALUES ("Klingon-Acid-Punk-Album-C.png", "Prime");
INSERT INTO badge_info (badge_name, badge_filename, badge_url, quadrant, time_period, franchise, reference) VALUES ("Klingon Acid Punk Album A", "Klingon-Acid-Punk-Album-A.png", "https://www.startrekdesignproject.com/symbols/klingon-acid-punk-album-a", "Beta", "2300s", "Lower Decks", "S02E03 We'll Always Have Tom Paris");
INSERT IGNORE INTO badge_affiliation (badge_filename, affiliation_name) VALUES ("Klingon-Acid-Punk-Album-A.png", "Klingon Empire");
INSERT IGNORE INTO badge_type (badge_filename, type_name) VALUES ("Klingon-Acid-Punk-Album-A.png", "Media");
INSERT IGNORE INTO badge_type (badge_filename, type_name) VALUES ("Klingon-Acid-Punk-Album-A.png", "Commerce");
INSERT IGNORE INTO badge_universe (badge_filename, universe_name) VALUES ("Klingon-Acid-Punk-Album-A.png", "Prime");
INSERT INTO badge_info (badge_name, badge_filename, badge_url, quadrant, time_period, franchise, reference) VALUES ("Klingon Acid Punk Album B", "Klingon-Acid-Punk-Album-B.png", "https://www.startrekdesignproject.com/symbols/klingon-acid-punk-album-b", "Beta", "2300s", "Lower Decks", "S02E03 We'll Always Have Tom Paris");
INSERT IGNORE INTO badge_affiliation (badge_filename, affiliation_name) VALUES ("Klingon-Acid-Punk-Album-B.png", "Klingon Empire");
INSERT IGNORE INTO badge_type (badge_filename, type_name) VALUES ("Klingon-Acid-Punk-Album-B.png", "Media");
INSERT IGNORE INTO badge_type (badge_filename, type_name) VALUES ("Klingon-Acid-Punk-Album-B.png", "Commerce");
INSERT IGNORE INTO badge_universe (badge_filename, universe_name) VALUES ("Klingon-Acid-Punk-Album-B.png", "Prime");
INSERT INTO badge_info (badge_name, badge_filename, badge_url, quadrant, time_period, franchise, reference) VALUES ("Illyrian Sign C", "Illyrian-Sign-C.png", "https://www.startrekdesignproject.com/symbols/illyrian-sign-c", "Alpha", "2200s", "Strange New Worlds", "S02E02 Ad Astra per Aspera");
INSERT IGNORE INTO badge_affiliation (badge_filename, affiliation_name) VALUES ("Illyrian-Sign-C.png", "Illyria");
INSERT IGNORE INTO badge_type (badge_filename, type_name) VALUES ("Illyrian-Sign-C.png", "Sign/Poster");
INSERT IGNORE INTO badge_universe (badge_filename, universe_name) VALUES ("Illyrian-Sign-C.png", "Prime");
INSERT INTO badge_info (badge_name, badge_filename, badge_url, quadrant, time_period, franchise, reference) VALUES ("Illyrian Sign B", "Illyrian-Sign-B.png", "https://www.startrekdesignproject.com/symbols/illyrian-sign-b", "Alpha", "2200s", "Strange New Worlds", "S02E02 Ad Astra per Aspera");
INSERT IGNORE INTO badge_affiliation (badge_filename, affiliation_name) VALUES ("Illyrian-Sign-B.png", "Illyria");
INSERT IGNORE INTO badge_type (badge_filename, type_name) VALUES ("Illyrian-Sign-B.png", "Sign/Poster");
INSERT IGNORE INTO badge_universe (badge_filename, universe_name) VALUES ("Illyrian-Sign-B.png", "Prime");
INSERT INTO badge_info (badge_name, badge_filename, badge_url, quadrant, time_period, franchise, reference) VALUES ("Illyrian Sign A", "Illyrian-Sign-A.png", "https://www.startrekdesignproject.com/symbols/illyrian-sign-a", "Alpha", "2200s", "Strange New Worlds", "S02E02 Ad Astra per Aspera");
INSERT IGNORE INTO badge_affiliation (badge_filename, affiliation_name) VALUES ("Illyrian-Sign-A.png", "Illyria");
INSERT IGNORE INTO badge_type (badge_filename, type_name) VALUES ("Illyrian-Sign-A.png", "Sign/Poster");
INSERT IGNORE INTO badge_universe (badge_filename, universe_name) VALUES ("Illyrian-Sign-A.png", "Prime");
INSERT INTO badge_info (badge_name, badge_filename, badge_url, quadrant, time_period, franchise, reference) VALUES ("OAK", "OAK.png", "https://www.startrekdesignproject.com/symbols/oak", "Alpha", "2200s", "Strange New Worlds", "S02E02 Ad Astra per Aspera");
INSERT IGNORE INTO badge_affiliation (badge_filename, affiliation_name) VALUES ("OAK.png", "Illyria");
INSERT IGNORE INTO badge_type (badge_filename, type_name) VALUES ("OAK.png", "Sign/Poster");
INSERT IGNORE INTO badge_universe (badge_filename, universe_name) VALUES ("OAK.png", "Prime");
INSERT INTO badge_info (badge_name, badge_filename, badge_url, quadrant, time_period, franchise, reference) VALUES ("Mr Burger and Loon Rolls", "Mr-Burger-and-Loon-Rolls.png", "https://www.startrekdesignproject.com/symbols/mr-burger-and-loon-rolls", "Alpha", "2200s", "Strange New Worlds", "S02E02 Ad Astra per Aspera");
INSERT IGNORE INTO badge_affiliation (badge_filename, affiliation_name) VALUES ("Mr-Burger-and-Loon-Rolls.png", "Illyria");
INSERT IGNORE INTO badge_type (badge_filename, type_name) VALUES ("Mr-Burger-and-Loon-Rolls.png", "Sign/Poster");
INSERT IGNORE INTO badge_universe (badge_filename, universe_name) VALUES ("Mr-Burger-and-Loon-Rolls.png", "Prime");
INSERT INTO badge_info (badge_name, badge_filename, badge_url, quadrant, time_period, franchise, reference) VALUES ("Bio Suit", "Bio-Suit.png", "https://www.startrekdesignproject.com/symbols/bio-suit", "Alpha", "2200s", "Strange New Worlds", "S03E01 Hegemony, Part II");
INSERT IGNORE INTO badge_affiliation (badge_filename, affiliation_name) VALUES ("Bio-Suit.png", "Starfleet");
INSERT IGNORE INTO badge_type (badge_filename, type_name) VALUES ("Bio-Suit.png", "Science/Research");
INSERT IGNORE INTO badge_universe (badge_filename, universe_name) VALUES ("Bio-Suit.png", "Prime");
INSERT INTO badge_info (badge_name, badge_filename, badge_url, quadrant, time_period, franchise, reference) VALUES ("Noble Isle Sign A", "Noble-Isle-Sign-A.png", "https://www.startrekdesignproject.com/symbols/noble-isle-sign-a", "Beta", "2300s", "Prodigy", "S01E15 Masquerade");
INSERT IGNORE INTO badge_affiliation (badge_filename, affiliation_name) VALUES ("Noble-Isle-Sign-A.png", "Noble Isle");
INSERT IGNORE INTO badge_type (badge_filename, type_name) VALUES ("Noble-Isle-Sign-A.png", "Sign/Poster");
INSERT IGNORE INTO badge_universe (badge_filename, universe_name) VALUES ("Noble-Isle-Sign-A.png", "Prime");
INSERT INTO badge_info (badge_name, badge_filename, badge_url, quadrant, time_period, franchise, reference) VALUES ("Noble Isle Sign B", "Noble-Isle-Sign-B.png", "https://www.startrekdesignproject.com/symbols/noble-isle-sign-b", "Beta", "2300s", "Prodigy", "S01E15 Masquerade");
INSERT IGNORE INTO badge_affiliation (badge_filename, affiliation_name) VALUES ("Noble-Isle-Sign-B.png", "Noble Isle");
INSERT IGNORE INTO badge_type (badge_filename, type_name) VALUES ("Noble-Isle-Sign-B.png", "Sign/Poster");
INSERT IGNORE INTO badge_universe (badge_filename, universe_name) VALUES ("Noble-Isle-Sign-B.png", "Prime");
INSERT INTO badge_info (badge_name, badge_filename, badge_url, quadrant, time_period, franchise, reference) VALUES ("Cardboard Chaos", "Cardboard-Chaos.png", "https://www.startrekdesignproject.com/symbols/cardboard-chaos", "Beta", "2300s", "Lower Decks", "S05E05 Starbase 80?!");
INSERT IGNORE INTO badge_affiliation (badge_filename, affiliation_name) VALUES ("Cardboard-Chaos.png", "Starbase 80");
INSERT IGNORE INTO badge_type (badge_filename, type_name) VALUES ("Cardboard-Chaos.png", "Media");
INSERT IGNORE INTO badge_universe (badge_filename, universe_name) VALUES ("Cardboard-Chaos.png", "Prime");
INSERT INTO badge_info (badge_name, badge_filename, badge_url, quadrant, time_period, franchise, reference) VALUES ("Eleos XII Cargo Label A", "Eleos-XII-Cargo-Label-A.png", "https://www.startrekdesignproject.com/symbols/eleos-xii-cargo-label-a", "Alpha", "2400s", "Picard", "S03E01 The Next Generation");
INSERT IGNORE INTO badge_type (badge_filename, type_name) VALUES ("Eleos-XII-Cargo-Label-A.png", "Transport");
INSERT IGNORE INTO badge_universe (badge_filename, universe_name) VALUES ("Eleos-XII-Cargo-Label-A.png", "Prime");
INSERT INTO badge_info (badge_name, badge_filename, badge_url, quadrant, time_period, franchise, reference) VALUES ("Eleos XII Cargo Label B", "Eleos-XII-Cargo-Label-B.png", "https://www.startrekdesignproject.com/symbols/eleos-xii-cargo-label-b", "Alpha", "2400s", "Picard", "S03E01 The Next Generation");
INSERT IGNORE INTO badge_type (badge_filename, type_name) VALUES ("Eleos-XII-Cargo-Label-B.png", "Transport");
INSERT IGNORE INTO badge_universe (badge_filename, universe_name) VALUES ("Eleos-XII-Cargo-Label-B.png", "Prime");
INSERT INTO badge_info (badge_name, badge_filename, badge_url, quadrant, time_period, franchise, reference) VALUES ("Krog Poster", "Krog-Poster.png", "https://www.startrekdesignproject.com/symbols/krog-poster", "Alpha", "2300s", "Lower Decks", "S05E03 The Best Exotic Nanite Hotel");
INSERT IGNORE INTO badge_type (badge_filename, type_name) VALUES ("Krog-Poster.png", "Sign/Poster");
INSERT IGNORE INTO badge_universe (badge_filename, universe_name) VALUES ("Krog-Poster.png", "Prime");
INSERT INTO badge_info (badge_name, badge_filename, badge_url, quadrant, time_period, franchise, reference) VALUES ("Quark's Qualor II", "Quark's-Qualor-II.png", "https://www.startrekdesignproject.com/symbols/quark-s-qualor-ii", "Alpha", "2300s", "Lower Decks", "S02E03 We'll Always Have Tom Paris");
INSERT IGNORE INTO badge_affiliation (badge_filename, affiliation_name) VALUES ("Quark's-Qualor-II.png", "Ferengi Alliance");
INSERT IGNORE INTO badge_affiliation (badge_filename, affiliation_name) VALUES ("Quark's-Qualor-II.png", "Qualor II");
INSERT IGNORE INTO badge_type (badge_filename, type_name) VALUES ("Quark's-Qualor-II.png", "Sign/Poster");
INSERT IGNORE INTO badge_universe (badge_filename, universe_name) VALUES ("Quark's-Qualor-II.png", "Prime");
INSERT INTO badge_info (badge_name, badge_filename, badge_url, quadrant, time_period, franchise, reference) VALUES ("Museum of Haggling", "Museum-of-Haggling.png", "https://www.startrekdesignproject.com/symbols/museum-of-haggling", "Alpha", "2300s", "Lower Decks", "S04E06 Parth Ferengi's Heart Place");
INSERT IGNORE INTO badge_affiliation (badge_filename, affiliation_name) VALUES ("Museum-of-Haggling.png", "Ferengi Alliance");
INSERT IGNORE INTO badge_type (badge_filename, type_name) VALUES ("Museum-of-Haggling.png", "Sign/Poster");
INSERT IGNORE INTO badge_universe (badge_filename, universe_name) VALUES ("Museum-of-Haggling.png", "Prime");
INSERT INTO badge_info (badge_name, badge_filename, badge_url, quadrant, time_period, franchise, reference) VALUES ("The Last Frontier A", "The-Last-Frontier-A.png", "https://www.startrekdesignproject.com/symbols/the-last-frontier-a", "Alpha", "2200s", "Strange New Worlds", "S03E04 A Space Adventure Hour");
INSERT IGNORE INTO badge_affiliation (badge_filename, affiliation_name) VALUES ("The-Last-Frontier-A.png", "The Last Frontier");
INSERT IGNORE INTO badge_type (badge_filename, type_name) VALUES ("The-Last-Frontier-A.png", "Commerce");
INSERT IGNORE INTO badge_type (badge_filename, type_name) VALUES ("The-Last-Frontier-A.png", "Media");
INSERT IGNORE INTO badge_universe (badge_filename, universe_name) VALUES ("The-Last-Frontier-A.png", "Prime");
INSERT INTO badge_info (badge_name, badge_filename, badge_url, quadrant, time_period, franchise, reference) VALUES ("The Last Frontier B", "The-Last-Frontier-B.png", "https://www.startrekdesignproject.com/symbols/the-last-frontier-b", "Alpha", "2200s", "Strange New Worlds", "S03E04 A Space Adventure Hour");
INSERT IGNORE INTO badge_affiliation (badge_filename, affiliation_name) VALUES ("The-Last-Frontier-B.png", "The Last Frontier");
INSERT IGNORE INTO badge_type (badge_filename, type_name) VALUES ("The-Last-Frontier-B.png", "Commerce");
INSERT IGNORE INTO badge_type (badge_filename, type_name) VALUES ("The-Last-Frontier-B.png", "Media");
INSERT IGNORE INTO badge_universe (badge_filename, universe_name) VALUES ("The-Last-Frontier-B.png", "Prime");
INSERT INTO badge_info (badge_name, badge_filename, badge_url, quadrant, time_period, franchise, reference) VALUES ("Lanthanite Insignia", "Lanthanite-Insignia.png", "https://www.startrekdesignproject.com/symbols/lanthanite-insignia", "Alpha", "2200s", "Strange New Worlds", "S02E01  The Broken Circle");
INSERT IGNORE INTO badge_type (badge_filename, type_name) VALUES ("Lanthanite-Insignia.png", "Insignia");
INSERT IGNORE INTO badge_universe (badge_filename, universe_name) VALUES ("Lanthanite-Insignia.png", "Prime");
INSERT INTO badge_info (badge_name, badge_filename, badge_url, quadrant, time_period, franchise, reference) VALUES ("Khitomer Banner", "Khitomer-Banner.png", "https://www.startrekdesignproject.com/symbols/khitomer-banner", "Alpha", "2200s", "Movies", "Star Trek VI: The Undiscovered Country");
INSERT IGNORE INTO badge_affiliation (badge_filename, affiliation_name) VALUES ("Khitomer-Banner.png", "Khitomer");
INSERT IGNORE INTO badge_type (badge_filename, type_name) VALUES ("Khitomer-Banner.png", "Flag/Banner");
INSERT IGNORE INTO badge_universe (badge_filename, universe_name) VALUES ("Khitomer-Banner.png", "Prime");
INSERT INTO badge_info (badge_name, badge_filename, badge_url, quadrant, time_period, franchise, reference) VALUES ("Terran Empire Insignia 2250s", "Terran-Empire-Insignia-2250s.png", "https://www.startrekdesignproject.com/symbols/terran-empire-insignia-2250s", "Alpha", "2200s", "Discovery", "S01E10 Despite Yourself");
INSERT IGNORE INTO badge_affiliation (badge_filename, affiliation_name) VALUES ("Terran-Empire-Insignia-2250s.png", "Terran Empire");
INSERT IGNORE INTO badge_type (badge_filename, type_name) VALUES ("Terran-Empire-Insignia-2250s.png", "Insignia");
INSERT IGNORE INTO badge_universe (badge_filename, universe_name) VALUES ("Terran-Empire-Insignia-2250s.png", "Mirror");
INSERT INTO badge_info (badge_name, badge_filename, badge_url, quadrant, time_period, franchise, reference) VALUES ("Klingon Oversight Council Banner B", "Klingon-Oversight-Council-Banner-B.png", "https://www.startrekdesignproject.com/symbols/klingon-oversight-council-banner-b", "Beta", "2300s", "Lower Decks", "S05E04 A Farewell To Farms");
INSERT IGNORE INTO badge_affiliation (badge_filename, affiliation_name) VALUES ("Klingon-Oversight-Council-Banner-B.png", "Klingon Empire");
INSERT IGNORE INTO badge_type (badge_filename, type_name) VALUES ("Klingon-Oversight-Council-Banner-B.png", "Flag/Banner");
INSERT IGNORE INTO badge_universe (badge_filename, universe_name) VALUES ("Klingon-Oversight-Council-Banner-B.png", "Prime");
INSERT INTO badge_info (badge_name, badge_filename, badge_url, quadrant, time_period, franchise, reference) VALUES ("Orion Sign G", "Orion-Sign-G.png", "https://www.startrekdesignproject.com/symbols/orion-sign-g", "Alpha", "2300s", "Lower Decks", "S04E04 Something Borrowed, Something Green");
INSERT IGNORE INTO badge_affiliation (badge_filename, affiliation_name) VALUES ("Orion-Sign-G.png", "Orion");
INSERT IGNORE INTO badge_type (badge_filename, type_name) VALUES ("Orion-Sign-G.png", "Sign/Poster");
INSERT IGNORE INTO badge_universe (badge_filename, universe_name) VALUES ("Orion-Sign-G.png", "Prime");
INSERT INTO badge_info (badge_name, badge_filename, badge_url, quadrant, time_period, franchise, reference) VALUES ("Orion Sign F", "Orion-Sign-F.png", "https://www.startrekdesignproject.com/symbols/orion-sign-f", "Alpha", "2300s", "Lower Decks", "S04E04 Something Borrowed, Something Green");
INSERT IGNORE INTO badge_affiliation (badge_filename, affiliation_name) VALUES ("Orion-Sign-F.png", "Orion");
INSERT IGNORE INTO badge_type (badge_filename, type_name) VALUES ("Orion-Sign-F.png", "Sign/Poster");
INSERT IGNORE INTO badge_universe (badge_filename, universe_name) VALUES ("Orion-Sign-F.png", "Prime");
INSERT INTO badge_info (badge_name, badge_filename, badge_url, quadrant, time_period, franchise, reference) VALUES ("Orion Sign E", "Orion-Sign-E.png", "https://www.startrekdesignproject.com/symbols/orion-sign-e", "Alpha", "2300s", "Lower Decks", "S04E04 Something Borrowed, Something Green");
INSERT IGNORE INTO badge_affiliation (badge_filename, affiliation_name) VALUES ("Orion-Sign-E.png", "Orion");
INSERT IGNORE INTO badge_type (badge_filename, type_name) VALUES ("Orion-Sign-E.png", "Sign/Poster");
INSERT IGNORE INTO badge_universe (badge_filename, universe_name) VALUES ("Orion-Sign-E.png", "Prime");
INSERT INTO badge_info (badge_name, badge_filename, badge_url, quadrant, time_period, franchise, reference) VALUES ("Orion Sign D", "Orion-Sign-D.png", "https://www.startrekdesignproject.com/symbols/orion-sign-d", "Alpha", "2300s", "Lower Decks", "S04E04 Something Borrowed, Something Green");
INSERT IGNORE INTO badge_affiliation (badge_filename, affiliation_name) VALUES ("Orion-Sign-D.png", "Orion");
INSERT IGNORE INTO badge_type (badge_filename, type_name) VALUES ("Orion-Sign-D.png", "Sign/Poster");
INSERT IGNORE INTO badge_universe (badge_filename, universe_name) VALUES ("Orion-Sign-D.png", "Prime");
INSERT INTO badge_info (badge_name, badge_filename, badge_url, quadrant, time_period, franchise, reference) VALUES ("Orion Sign C", "Orion-Sign-C.png", "https://www.startrekdesignproject.com/symbols/orion-sign-c", "Alpha", "2300s", "Lower Decks", "S04E04 Something Borrowed, Something Green");
INSERT IGNORE INTO badge_affiliation (badge_filename, affiliation_name) VALUES ("Orion-Sign-C.png", "Orion");
INSERT IGNORE INTO badge_type (badge_filename, type_name) VALUES ("Orion-Sign-C.png", "Sign/Poster");
INSERT IGNORE INTO badge_universe (badge_filename, universe_name) VALUES ("Orion-Sign-C.png", "Prime");
INSERT INTO badge_info (badge_name, badge_filename, badge_url, quadrant, time_period, franchise, reference) VALUES ("Orion Sign B", "Orion-Sign-B.png", "https://www.startrekdesignproject.com/symbols/orion-sign-b", "Alpha", "2300s", "Lower Decks", "S04E04 Something Borrowed, Something Green");
INSERT IGNORE INTO badge_affiliation (badge_filename, affiliation_name) VALUES ("Orion-Sign-B.png", "Orion");
INSERT IGNORE INTO badge_type (badge_filename, type_name) VALUES ("Orion-Sign-B.png", "Sign/Poster");
INSERT IGNORE INTO badge_universe (badge_filename, universe_name) VALUES ("Orion-Sign-B.png", "Prime");
INSERT INTO badge_info (badge_name, badge_filename, badge_url, quadrant, time_period, franchise, reference) VALUES ("Orion Sign A", "Orion-Sign-A.png", "https://www.startrekdesignproject.com/symbols/orion-sign-a", "Alpha", "2300s", "Lower Decks", "S04E04 Something Borrowed, Something Green");
INSERT IGNORE INTO badge_affiliation (badge_filename, affiliation_name) VALUES ("Orion-Sign-A.png", "Orion");
INSERT IGNORE INTO badge_type (badge_filename, type_name) VALUES ("Orion-Sign-A.png", "Sign/Poster");
INSERT IGNORE INTO badge_universe (badge_filename, universe_name) VALUES ("Orion-Sign-A.png", "Prime");
INSERT INTO badge_info (badge_name, badge_filename, badge_url, quadrant, time_period, franchise, reference) VALUES ("Targalus IX Banner B", "Targalus-IX-Banner-B.png", "https://www.startrekdesignproject.com/symbols/targalus-ix-banner-b", "Beta", "2300s", "Lower Decks", "S05E02 Shades of Green");
INSERT IGNORE INTO badge_affiliation (badge_filename, affiliation_name) VALUES ("Targalus-IX-Banner-B.png", "Targalus IX");
INSERT IGNORE INTO badge_type (badge_filename, type_name) VALUES ("Targalus-IX-Banner-B.png", "Flag/Banner");
INSERT IGNORE INTO badge_universe (badge_filename, universe_name) VALUES ("Targalus-IX-Banner-B.png", "Prime");
INSERT INTO badge_info (badge_name, badge_filename, badge_url, quadrant, time_period, franchise, reference) VALUES ("Targalus IX Banner A", "Targalus-IX-Banner-A.png", "https://www.startrekdesignproject.com/symbols/targalus-ix-banner-a", "Beta", "2300s", "Lower Decks", "S05E02 Shades of Green");
INSERT IGNORE INTO badge_affiliation (badge_filename, affiliation_name) VALUES ("Targalus-IX-Banner-A.png", "Targalus IX");
INSERT IGNORE INTO badge_type (badge_filename, type_name) VALUES ("Targalus-IX-Banner-A.png", "Flag/Banner");
INSERT IGNORE INTO badge_universe (badge_filename, universe_name) VALUES ("Targalus-IX-Banner-A.png", "Prime");
INSERT INTO badge_info (badge_name, badge_filename, badge_url, quadrant, time_period, franchise, reference) VALUES ("Vulcan High Priest", "Vulcan-High-Priest.png", "https://www.startrekdesignproject.com/symbols/vulcan-high-priest", "Alpha", "2200s", "Movies", "Star Trek: The Motion Picture");
INSERT IGNORE INTO badge_affiliation (badge_filename, affiliation_name) VALUES ("Vulcan-High-Priest.png", "Vulcan");
INSERT IGNORE INTO badge_type (badge_filename, type_name) VALUES ("Vulcan-High-Priest.png", "Religious");
INSERT IGNORE INTO badge_universe (badge_filename, universe_name) VALUES ("Vulcan-High-Priest.png", "Prime");
INSERT INTO badge_info (badge_name, badge_filename, badge_url, quadrant, time_period, franchise, reference) VALUES ("Deck Indicator (Sample)", "Deck-Indicator-(Sample).png", "https://www.startrekdesignproject.com/symbols/deck-indicator-sample", "Alpha", "2200s", "Movies", "Star Trek Generations");
INSERT IGNORE INTO badge_affiliation (badge_filename, affiliation_name) VALUES ("Deck-Indicator-(Sample).png", "Starfleet");
INSERT IGNORE INTO badge_type (badge_filename, type_name) VALUES ("Deck-Indicator-(Sample).png", "Advisory");
INSERT IGNORE INTO badge_universe (badge_filename, universe_name) VALUES ("Deck-Indicator-(Sample).png", "Prime");
INSERT INTO badge_info (badge_name, badge_filename, badge_url, quadrant, time_period, franchise, reference) VALUES ("Turbolift 2290s", "Turbolift-2290s.png", "https://www.startrekdesignproject.com/symbols/turbolift-2290s", "Alpha", "2200s", "Movies", "Star Trek Generations");
INSERT IGNORE INTO badge_affiliation (badge_filename, affiliation_name) VALUES ("Turbolift-2290s.png", "Starfleet");
INSERT IGNORE INTO badge_type (badge_filename, type_name) VALUES ("Turbolift-2290s.png", "Pictogram");
INSERT IGNORE INTO badge_universe (badge_filename, universe_name) VALUES ("Turbolift-2290s.png", "Prime");
INSERT INTO badge_info (badge_name, badge_filename, badge_url, quadrant, time_period, franchise, reference) VALUES ("Space Racers #1", "Space-Racers-#1.png", "https://www.startrekdesignproject.com/symbols/space-racers-1", "Alpha", "2300s", "Lower Decks", "S03E05 Reflections");
INSERT IGNORE INTO badge_type (badge_filename, type_name) VALUES ("Space-Racers-#1.png", "Sign/Poster");
INSERT IGNORE INTO badge_universe (badge_filename, universe_name) VALUES ("Space-Racers-#1.png", "Prime");
INSERT INTO badge_info (badge_name, badge_filename, badge_url, quadrant, time_period, franchise, reference) VALUES ("Museum of Gambling", "Museum-of-Gambling.png", "https://www.startrekdesignproject.com/symbols/museum-of-gambling", "Alpha", "2300s", "Lower Decks", "S04E06 Parth Ferengi's Heart Place");
INSERT IGNORE INTO badge_affiliation (badge_filename, affiliation_name) VALUES ("Museum-of-Gambling.png", "Ferengi Alliance");
INSERT IGNORE INTO badge_type (badge_filename, type_name) VALUES ("Museum-of-Gambling.png", "Sign/Poster");
INSERT IGNORE INTO badge_universe (badge_filename, universe_name) VALUES ("Museum-of-Gambling.png", "Prime");
INSERT INTO badge_info (badge_name, badge_filename, badge_url, quadrant, time_period, franchise, reference) VALUES ("Betazoid Key", "Betazoid-Key.png", "https://www.startrekdesignproject.com/symbols/betazoid-key", "Alpha", "3100s", "Discovery", "S05E08 Labyrinths");
INSERT IGNORE INTO badge_affiliation (badge_filename, affiliation_name) VALUES ("Betazoid-Key.png", "Betazoid");
INSERT IGNORE INTO badge_type (badge_filename, type_name) VALUES ("Betazoid-Key.png", "Law Enforcement");
INSERT IGNORE INTO badge_universe (badge_filename, universe_name) VALUES ("Betazoid-Key.png", "Prime");
INSERT INTO badge_info (badge_name, badge_filename, badge_url, quadrant, time_period, franchise, reference) VALUES ("House of Ra'ul", "House-of-Ra'ul.png", "https://www.startrekdesignproject.com/symbols/house-of-ra-ul", "Beta", "2200s", "Strange New Worlds", "S03E03 Shuttle to Kenfori");
INSERT IGNORE INTO badge_affiliation (badge_filename, affiliation_name) VALUES ("House-of-Ra'ul.png", "Klingon Empire");
INSERT IGNORE INTO badge_type (badge_filename, type_name) VALUES ("House-of-Ra'ul.png", "Insignia");
INSERT IGNORE INTO badge_universe (badge_filename, universe_name) VALUES ("House-of-Ra'ul.png", "Prime");
INSERT INTO badge_info (badge_name, badge_filename, badge_url, quadrant, time_period, franchise, reference) VALUES ("Kenfori Agricultural Research Facility", "Kenfori-Agricultural-Research-Facility.png", "https://www.startrekdesignproject.com/symbols/kenfori-agricultural-research-facility", "Beta", "2200s", "Strange New Worlds", "S03E03 Shuttle to Kenfori");
INSERT IGNORE INTO badge_affiliation (badge_filename, affiliation_name) VALUES ("Kenfori-Agricultural-Research-Facility.png", "UFP");
INSERT IGNORE INTO badge_type (badge_filename, type_name) VALUES ("Kenfori-Agricultural-Research-Facility.png", "Science/Research");
INSERT IGNORE INTO badge_universe (badge_filename, universe_name) VALUES ("Kenfori-Agricultural-Research-Facility.png", "Prime");
INSERT INTO badge_info (badge_name, badge_filename, badge_url, quadrant, time_period, franchise, reference) VALUES ("Lurian Security", "Lurian-Security.png", "https://www.startrekdesignproject.com/symbols/lurian-security", "Beta", "2300s", "Deep Space 9", "S06E12 Who Mourns for Morn?");
INSERT IGNORE INTO badge_type (badge_filename, type_name) VALUES ("Lurian-Security.png", "Insignia");
INSERT IGNORE INTO badge_universe (badge_filename, universe_name) VALUES ("Lurian-Security.png", "Prime");
INSERT INTO badge_info (badge_name, badge_filename, badge_url, quadrant, time_period, franchise, reference) VALUES ("Parthas", "Parthas.png", "https://www.startrekdesignproject.com/symbols/parthas", "Beta", "2300s", "Lower Decks", "S05E05 Starbase 80?!");
INSERT IGNORE INTO badge_affiliation (badge_filename, affiliation_name) VALUES ("Parthas.png", "Starbase 80");
INSERT IGNORE INTO badge_type (badge_filename, type_name) VALUES ("Parthas.png", "Sign/Poster");
INSERT IGNORE INTO badge_universe (badge_filename, universe_name) VALUES ("Parthas.png", "Prime");
INSERT INTO badge_info (badge_name, badge_filename, badge_url, quadrant, time_period, franchise, reference) VALUES ("Vulcan Stele", "Vulcan-Stele.png", "https://www.startrekdesignproject.com/symbols/vulcan-stele", "Alpha", "2300s", "Voyager", "S04E15 Hunters");
INSERT IGNORE INTO badge_affiliation (badge_filename, affiliation_name) VALUES ("Vulcan-Stele.png", "Vulcan");
INSERT IGNORE INTO badge_type (badge_filename, type_name) VALUES ("Vulcan-Stele.png", "Seal/Shield");
INSERT IGNORE INTO badge_universe (badge_filename, universe_name) VALUES ("Vulcan-Stele.png", "Prime");
INSERT INTO badge_info (badge_name, badge_filename, badge_url, quadrant, time_period, franchise, reference) VALUES ("Retellian", "Retellian.png", "https://www.startrekdesignproject.com/symbols/retellian", "Alpha", "2100s", "Enterprise", "S02E11 Precious Cargo");
INSERT IGNORE INTO badge_type (badge_filename, type_name) VALUES ("Retellian.png", "Species/Civilization");
INSERT IGNORE INTO badge_universe (badge_filename, universe_name) VALUES ("Retellian.png", "Prime");
INSERT INTO badge_info (badge_name, badge_filename, badge_url, quadrant, time_period, franchise, reference) VALUES ("Ni'var Insignia", "Ni'var-Insignia.png", "https://www.startrekdesignproject.com/symbols/ni-var", "Alpha", "3100s", "Discovery", "S03E07 Unification III");
INSERT IGNORE INTO badge_affiliation (badge_filename, affiliation_name) VALUES ("Ni'var-Insignia.png", "Vulcan");
INSERT IGNORE INTO badge_affiliation (badge_filename, affiliation_name) VALUES ("Ni'var-Insignia.png", "Romulan Star Empire");
INSERT IGNORE INTO badge_type (badge_filename, type_name) VALUES ("Ni'var-Insignia.png", "Insignia");
INSERT IGNORE INTO badge_universe (badge_filename, universe_name) VALUES ("Ni'var-Insignia.png", "Prime");
INSERT INTO badge_info (badge_name, badge_filename, badge_url, quadrant, time_period, franchise, reference) VALUES ("Carbon Creek Sign", "Carbon-Creek-Sign.png", "https://www.startrekdesignproject.com/symbols/carbon-creek-sign", "Alpha", "1900s", "Enterprise", "S02E02 Carbon Creek");
INSERT IGNORE INTO badge_affiliation (badge_filename, affiliation_name) VALUES ("Carbon-Creek-Sign.png", "Earth");
INSERT IGNORE INTO badge_type (badge_filename, type_name) VALUES ("Carbon-Creek-Sign.png", "Sign/Poster");
INSERT IGNORE INTO badge_universe (badge_filename, universe_name) VALUES ("Carbon-Creek-Sign.png", "Prime");
INSERT INTO badge_info (badge_name, badge_filename, badge_url, quadrant, time_period, franchise, reference) VALUES ("Vulcan Khitomer Flag B", "Vulcan-Khitomer-Flag-B.png", "https://www.startrekdesignproject.com/symbols/vulcan-khitomer-flag-b", "Alpha", "2200s", "Movies", "Star Trek VI: The Undiscovered Country");
INSERT IGNORE INTO badge_affiliation (badge_filename, affiliation_name) VALUES ("Vulcan-Khitomer-Flag-B.png", "Vulcan");
INSERT IGNORE INTO badge_affiliation (badge_filename, affiliation_name) VALUES ("Vulcan-Khitomer-Flag-B.png", "Khitomer");
INSERT IGNORE INTO badge_type (badge_filename, type_name) VALUES ("Vulcan-Khitomer-Flag-B.png", "Flag/Banner");
INSERT IGNORE INTO badge_universe (badge_filename, universe_name) VALUES ("Vulcan-Khitomer-Flag-B.png", "Prime");
INSERT INTO badge_info (badge_name, badge_filename, badge_url, quadrant, time_period, franchise, reference) VALUES ("Old Town Festival", "Old-Town-Festival.png", "https://www.startrekdesignproject.com/symbols/old-town-festival", "Alpha", "2300s", "Voyager", "S02E05 Non Sequitur");
INSERT IGNORE INTO badge_affiliation (badge_filename, affiliation_name) VALUES ("Old-Town-Festival.png", "Earth");
INSERT IGNORE INTO badge_type (badge_filename, type_name) VALUES ("Old-Town-Festival.png", "Flag/Banner");
INSERT IGNORE INTO badge_universe (badge_filename, universe_name) VALUES ("Old-Town-Festival.png", "Prime");
INSERT INTO badge_info (badge_name, badge_filename, badge_url, quadrant, time_period, franchise, reference) VALUES ("Kelpien and Ba'ul Alliance", "Kelpien-and-Ba'ul-Alliance.png", "https://www.startrekdesignproject.com/symbols/kellpien", "Beta", "3100s", "Discovery", "S04E02 Anomaly (DIS)");
INSERT IGNORE INTO badge_type (badge_filename, type_name) VALUES ("Kelpien-and-Ba'ul-Alliance.png", "Insignia");
INSERT IGNORE INTO badge_universe (badge_filename, universe_name) VALUES ("Kelpien-and-Ba'ul-Alliance.png", "Prime");
INSERT INTO badge_info (badge_name, badge_filename, badge_url, quadrant, time_period, franchise, reference) VALUES ("Qualor Mall Sign J", "Qualor-Mall-Sign-J.png", "https://www.startrekdesignproject.com/symbols/qualor-mall-sign-j", "Beta", "2300s", "Lower Decks", "S02E03 We’ll Always Have Tom Paris");
INSERT IGNORE INTO badge_affiliation (badge_filename, affiliation_name) VALUES ("Qualor-Mall-Sign-J.png", "Qualor II");
INSERT IGNORE INTO badge_type (badge_filename, type_name) VALUES ("Qualor-Mall-Sign-J.png", "Sign/Poster");
INSERT IGNORE INTO badge_universe (badge_filename, universe_name) VALUES ("Qualor-Mall-Sign-J.png", "Prime");
INSERT INTO badge_info (badge_name, badge_filename, badge_url, quadrant, time_period, franchise, reference) VALUES ("Qualor Mall Sign I", "Qualor-Mall-Sign-I.png", "https://www.startrekdesignproject.com/symbols/qualor-mall-sign-i", "Beta", "2300s", "Lower Decks", "S02E03 We’ll Always Have Tom Paris");
INSERT IGNORE INTO badge_affiliation (badge_filename, affiliation_name) VALUES ("Qualor-Mall-Sign-I.png", "Qualor II");
INSERT IGNORE INTO badge_type (badge_filename, type_name) VALUES ("Qualor-Mall-Sign-I.png", "Sign/Poster");
INSERT IGNORE INTO badge_universe (badge_filename, universe_name) VALUES ("Qualor-Mall-Sign-I.png", "Prime");
INSERT INTO badge_info (badge_name, badge_filename, badge_url, quadrant, time_period, franchise, reference) VALUES ("Qualor Mall Sign H", "Qualor-Mall-Sign-H.png", "https://www.startrekdesignproject.com/symbols/qualor-mall-sign-h", "Beta", "2300s", "Lower Decks", "S02E03 We’ll Always Have Tom Paris");
INSERT IGNORE INTO badge_affiliation (badge_filename, affiliation_name) VALUES ("Qualor-Mall-Sign-H.png", "Qualor II");
INSERT IGNORE INTO badge_type (badge_filename, type_name) VALUES ("Qualor-Mall-Sign-H.png", "Sign/Poster");
INSERT IGNORE INTO badge_universe (badge_filename, universe_name) VALUES ("Qualor-Mall-Sign-H.png", "Prime");
INSERT INTO badge_info (badge_name, badge_filename, badge_url, quadrant, time_period, franchise, reference) VALUES ("Losira", "Losira.png", "https://www.startrekdesignproject.com/symbols/losira", "Alpha", "2200s", "TOS", "S03E14 That Which Survives");
INSERT IGNORE INTO badge_type (badge_filename, type_name) VALUES ("Losira.png", "Species/Civilization");
INSERT IGNORE INTO badge_universe (badge_filename, universe_name) VALUES ("Losira.png", "Prime");
INSERT INTO badge_info (badge_name, badge_filename, badge_url, quadrant, time_period, franchise, reference) VALUES ("Boxing Poster", "Boxing-Poster.png", "https://www.startrekdesignproject.com/symbols/boxing-poster", "Alpha", "1900s", "TOS", "S01E28 The City on the Edge of Forever");
INSERT IGNORE INTO badge_affiliation (badge_filename, affiliation_name) VALUES ("Boxing-Poster.png", "Earth");
INSERT IGNORE INTO badge_type (badge_filename, type_name) VALUES ("Boxing-Poster.png", "Sign/Poster");
INSERT IGNORE INTO badge_universe (badge_filename, universe_name) VALUES ("Boxing-Poster.png", "Prime");
INSERT INTO badge_info (badge_name, badge_filename, badge_url, quadrant, time_period, franchise, reference) VALUES ("Terran Empire Insignia 2380s", "Terran-Empire-Insignia-2380s.png", "https://www.startrekdesignproject.com/symbols/terran-empire-insignia-2380s", "Alpha", "2300s", "Prodigy", "S02E14 Cracked Mirror");
INSERT IGNORE INTO badge_affiliation (badge_filename, affiliation_name) VALUES ("Terran-Empire-Insignia-2380s.png", "Terran Empire");
INSERT IGNORE INTO badge_type (badge_filename, type_name) VALUES ("Terran-Empire-Insignia-2380s.png", "Insignia");
INSERT IGNORE INTO badge_universe (badge_filename, universe_name) VALUES ("Terran-Empire-Insignia-2380s.png", "Mirror");
INSERT INTO badge_info (badge_name, badge_filename, badge_url, quadrant, time_period, franchise, reference) VALUES ("Famous Chunky Sauce", "Famous-Chunky-Sauce.png", "https://www.startrekdesignproject.com/symbols/famous-chunky-sauce", "Beta", "2300s", "Lower Decks", "S05E05 Starbase 80?!");
INSERT IGNORE INTO badge_affiliation (badge_filename, affiliation_name) VALUES ("Famous-Chunky-Sauce.png", "Starbase 80");
INSERT IGNORE INTO badge_type (badge_filename, type_name) VALUES ("Famous-Chunky-Sauce.png", "Commerce");
INSERT IGNORE INTO badge_type (badge_filename, type_name) VALUES ("Famous-Chunky-Sauce.png", "Sign/Poster");
INSERT IGNORE INTO badge_type (badge_filename, type_name) VALUES ("Famous-Chunky-Sauce.png", "Product");
INSERT IGNORE INTO badge_universe (badge_filename, universe_name) VALUES ("Famous-Chunky-Sauce.png", "Prime");
INSERT INTO badge_info (badge_name, badge_filename, badge_url, quadrant, time_period, franchise, reference) VALUES ("House of Mo'kai", "House-of-Mo'kai.png", "https://www.startrekdesignproject.com/symbols/house-of-mo-kai", "Beta", "2200s", "Discovery", "S01E05 Choose Your Pain");
INSERT IGNORE INTO badge_affiliation (badge_filename, affiliation_name) VALUES ("House-of-Mo'kai.png", "Klingon Empire");
INSERT IGNORE INTO badge_type (badge_filename, type_name) VALUES ("House-of-Mo'kai.png", "Insignia");
INSERT IGNORE INTO badge_universe (badge_filename, universe_name) VALUES ("House-of-Mo'kai.png", "Prime");
INSERT INTO badge_info (badge_name, badge_filename, badge_url, quadrant, time_period, franchise, reference) VALUES ("Starbase 80 Sign A", "Starbase-80-Sign-A.png", "https://www.startrekdesignproject.com/symbols/starbase-80-sign-a", "Beta", "2300s", "Lower Decks", "S05E05 Starbase 80?!");
INSERT IGNORE INTO badge_affiliation (badge_filename, affiliation_name) VALUES ("Starbase-80-Sign-A.png", "Starbase 80");
INSERT IGNORE INTO badge_affiliation (badge_filename, affiliation_name) VALUES ("Starbase-80-Sign-A.png", "Starfleet");
INSERT IGNORE INTO badge_type (badge_filename, type_name) VALUES ("Starbase-80-Sign-A.png", "Sign/Poster");
INSERT IGNORE INTO badge_universe (badge_filename, universe_name) VALUES ("Starbase-80-Sign-A.png", "Prime");
INSERT INTO badge_info (badge_name, badge_filename, badge_url, quadrant, time_period, franchise, reference) VALUES ("Medicine Wheel", "Medicine-Wheel.png", "https://www.startrekdesignproject.com/symbols/medicine-wheel", "Alpha", "2300s", "Voyager", "S01E13 Cathexis");
INSERT IGNORE INTO badge_affiliation (badge_filename, affiliation_name) VALUES ("Medicine-Wheel.png", "Earth");
INSERT IGNORE INTO badge_type (badge_filename, type_name) VALUES ("Medicine-Wheel.png", "Religious");
INSERT IGNORE INTO badge_universe (badge_filename, universe_name) VALUES ("Medicine-Wheel.png", "Prime");
INSERT INTO badge_info (badge_name, badge_filename, badge_url, quadrant, time_period, franchise, reference) VALUES ("Ventaxian Banner A", "Ventaxian-Banner-A.png", "https://www.startrekdesignproject.com/symbols/ventaxian-banner-a", "Beta", "2300s", "The Next Generation", "S04E13 Devil's Due");
INSERT IGNORE INTO badge_affiliation (badge_filename, affiliation_name) VALUES ("Ventaxian-Banner-A.png", "Ventax II");
INSERT IGNORE INTO badge_type (badge_filename, type_name) VALUES ("Ventaxian-Banner-A.png", "Flag/Banner");
INSERT IGNORE INTO badge_universe (badge_filename, universe_name) VALUES ("Ventaxian-Banner-A.png", "Prime");
INSERT INTO badge_info (badge_name, badge_filename, badge_url, quadrant, time_period, franchise, reference) VALUES ("Ventaxian Banner B", "Ventaxian-Banner-B.png", "https://www.startrekdesignproject.com/symbols/ventaxian-banner-b", "Beta", "2300s", "The Next Generation", "S04E13 Devil's Due");
INSERT IGNORE INTO badge_affiliation (badge_filename, affiliation_name) VALUES ("Ventaxian-Banner-B.png", "Ventax II");
INSERT IGNORE INTO badge_type (badge_filename, type_name) VALUES ("Ventaxian-Banner-B.png", "Flag/Banner");
INSERT IGNORE INTO badge_universe (badge_filename, universe_name) VALUES ("Ventaxian-Banner-B.png", "Prime");
INSERT INTO badge_info (badge_name, badge_filename, badge_url, quadrant, time_period, franchise, reference) VALUES ("Omega IV", "Omega-IV.png", "https://www.startrekdesignproject.com/symbols/omega-iv", "Alpha", "2200s", "TOS", "S02E25 The Omega Glory");
INSERT IGNORE INTO badge_type (badge_filename, type_name) VALUES ("Omega-IV.png", "Species/Civilization");
INSERT IGNORE INTO badge_universe (badge_filename, universe_name) VALUES ("Omega-IV.png", "Prime");
INSERT INTO badge_info (badge_name, badge_filename, badge_url, quadrant, time_period, franchise, reference) VALUES ("Khitomer Flag D", "Khitomer-Flag-D.png", "https://www.startrekdesignproject.com/symbols/khitomer-flag-d", "Alpha", "2200s", "Movies", "Star Trek VI: The Undiscovered Country");
INSERT IGNORE INTO badge_affiliation (badge_filename, affiliation_name) VALUES ("Khitomer-Flag-D.png", "Khitomer");
INSERT IGNORE INTO badge_type (badge_filename, type_name) VALUES ("Khitomer-Flag-D.png", "Flag/Banner");
INSERT IGNORE INTO badge_universe (badge_filename, universe_name) VALUES ("Khitomer-Flag-D.png", "Prime");
INSERT INTO badge_info (badge_name, badge_filename, badge_url, quadrant, time_period, franchise, reference) VALUES ("Khitomer Flag C", "Khitomer-Flag-C.png", "https://www.startrekdesignproject.com/symbols/khitomer-flag-c", "Alpha", "2200s", "Movies", "Star Trek VI: The Undiscovered Country");
INSERT IGNORE INTO badge_affiliation (badge_filename, affiliation_name) VALUES ("Khitomer-Flag-C.png", "Khitomer");
INSERT IGNORE INTO badge_type (badge_filename, type_name) VALUES ("Khitomer-Flag-C.png", "Flag/Banner");
INSERT IGNORE INTO badge_universe (badge_filename, universe_name) VALUES ("Khitomer-Flag-C.png", "Prime");
INSERT INTO badge_info (badge_name, badge_filename, badge_url, quadrant, time_period, franchise, reference) VALUES ("Khitomer Flag B", "Khitomer-Flag-B.png", "https://www.startrekdesignproject.com/symbols/khitomer-flag-b", "Alpha", "2200s", "Movies", "Star Trek VI: The Undiscovered Country");
INSERT IGNORE INTO badge_affiliation (badge_filename, affiliation_name) VALUES ("Khitomer-Flag-B.png", "Khitomer");
INSERT IGNORE INTO badge_type (badge_filename, type_name) VALUES ("Khitomer-Flag-B.png", "Flag/Banner");
INSERT IGNORE INTO badge_universe (badge_filename, universe_name) VALUES ("Khitomer-Flag-B.png", "Prime");
INSERT INTO badge_info (badge_name, badge_filename, badge_url, quadrant, time_period, franchise, reference) VALUES ("Khitomer Flag A", "Khitomer-Flag-A.png", "https://www.startrekdesignproject.com/symbols/khitomer-flag-a", "Alpha", "2200s", "Movies", "Star Trek VI: The Undiscovered Country");
INSERT IGNORE INTO badge_affiliation (badge_filename, affiliation_name) VALUES ("Khitomer-Flag-A.png", "Khitomer");
INSERT IGNORE INTO badge_type (badge_filename, type_name) VALUES ("Khitomer-Flag-A.png", "Flag/Banner");
INSERT IGNORE INTO badge_universe (badge_filename, universe_name) VALUES ("Khitomer-Flag-A.png", "Prime");
INSERT INTO badge_info (badge_name, badge_filename, badge_url, quadrant, time_period, franchise, reference) VALUES ("Mudd's Signet", "Mudd's-Signet.png", "https://www.startrekdesignproject.com/symbols/mudd-s-signet", "Alpha", "2200s", "Discovery", "S01E05 Choose Your Pain");
INSERT IGNORE INTO badge_type (badge_filename, type_name) VALUES ("Mudd's-Signet.png", "Insignia");
INSERT IGNORE INTO badge_universe (badge_filename, universe_name) VALUES ("Mudd's-Signet.png", "Prime");
INSERT INTO badge_info (badge_name, badge_filename, badge_url, quadrant, time_period, franchise, reference) VALUES ("Self Destruct", "Self-Destruct.png", "https://www.startrekdesignproject.com/symbols/self-destruct", "Alpha", "2300s", "Lower Decks", "S05E05 Starbase 80?!");
INSERT IGNORE INTO badge_affiliation (badge_filename, affiliation_name) VALUES ("Self-Destruct.png", "Starfleet");
INSERT IGNORE INTO badge_type (badge_filename, type_name) VALUES ("Self-Destruct.png", "Advisory");
INSERT IGNORE INTO badge_universe (badge_filename, universe_name) VALUES ("Self-Destruct.png", "Prime");
INSERT INTO badge_info (badge_name, badge_filename, badge_url, quadrant, time_period, franchise, reference) VALUES ("Solar Probe C (Sample)", "Solar-Probe-C-(Sample).png", "https://www.startrekdesignproject.com/symbols/solar-probe-c-sample", "Alpha", "2300s", "Movies", "Star Trek Generations");
INSERT IGNORE INTO badge_affiliation (badge_filename, affiliation_name) VALUES ("Solar-Probe-C-(Sample).png", "Starfleet");
INSERT IGNORE INTO badge_type (badge_filename, type_name) VALUES ("Solar-Probe-C-(Sample).png", "Advisory");
INSERT IGNORE INTO badge_universe (badge_filename, universe_name) VALUES ("Solar-Probe-C-(Sample).png", "Prime");
INSERT INTO badge_info (badge_name, badge_filename, badge_url, quadrant, time_period, franchise, reference) VALUES ("Solar Probe B (Sample)", "Solar-Probe-B-(Sample).png", "https://www.startrekdesignproject.com/symbols/solar-probe-b-sample", "Alpha", "2300s", "Movies", "Star Trek Generations");
INSERT IGNORE INTO badge_affiliation (badge_filename, affiliation_name) VALUES ("Solar-Probe-B-(Sample).png", "Starfleet");
INSERT IGNORE INTO badge_type (badge_filename, type_name) VALUES ("Solar-Probe-B-(Sample).png", "Advisory");
INSERT IGNORE INTO badge_universe (badge_filename, universe_name) VALUES ("Solar-Probe-B-(Sample).png", "Prime");
INSERT INTO badge_info (badge_name, badge_filename, badge_url, quadrant, time_period, franchise, reference) VALUES ("Solar Probe A (Sample)", "Solar-Probe-A-(Sample).png", "https://www.startrekdesignproject.com/symbols/solar-probe-a-sample", "Alpha", "2300s", "Movies", "Star Trek Generations");
INSERT IGNORE INTO badge_affiliation (badge_filename, affiliation_name) VALUES ("Solar-Probe-A-(Sample).png", "Starfleet");
INSERT IGNORE INTO badge_type (badge_filename, type_name) VALUES ("Solar-Probe-A-(Sample).png", "Advisory");
INSERT IGNORE INTO badge_universe (badge_filename, universe_name) VALUES ("Solar-Probe-A-(Sample).png", "Prime");
INSERT INTO badge_info (badge_name, badge_filename, badge_url, quadrant, time_period, franchise, reference) VALUES ("House of D'chok", "House-of-D'chok.png", "https://www.startrekdesignproject.com/symbols/house-of-d-chok", "Beta", "2200s", "Strange New Worlds", "S02E01 The Broken Circle");
INSERT IGNORE INTO badge_affiliation (badge_filename, affiliation_name) VALUES ("House-of-D'chok.png", "Klingon Empire");
INSERT IGNORE INTO badge_type (badge_filename, type_name) VALUES ("House-of-D'chok.png", "Insignia");
INSERT IGNORE INTO badge_universe (badge_filename, universe_name) VALUES ("House-of-D'chok.png", "Prime");
INSERT INTO badge_info (badge_name, badge_filename, badge_url, quadrant, time_period, franchise, reference) VALUES ("Starbase 80 Bar C", "Starbase-80-Bar-C.png", "https://www.startrekdesignproject.com/symbols/starbase-80-bar-c", "Beta", "2300s", "Lower Decks", "S05E05 Starbase 80?!");
INSERT IGNORE INTO badge_affiliation (badge_filename, affiliation_name) VALUES ("Starbase-80-Bar-C.png", "Starfleet");
INSERT IGNORE INTO badge_affiliation (badge_filename, affiliation_name) VALUES ("Starbase-80-Bar-C.png", "Starbase 80");
INSERT IGNORE INTO badge_type (badge_filename, type_name) VALUES ("Starbase-80-Bar-C.png", "Sign/Poster");
INSERT IGNORE INTO badge_universe (badge_filename, universe_name) VALUES ("Starbase-80-Bar-C.png", "Prime");
INSERT INTO badge_info (badge_name, badge_filename, badge_url, quadrant, time_period, franchise, reference) VALUES ("Retail Sign G (Qualor II)", "Retail-Sign-G-(Qualor-II).png", "https://www.startrekdesignproject.com/symbols/retail-sign-g-qualor-ii", "Beta", "2300s", "Lower Decks", "S02E03 We’ll Always Have Tom Paris");
INSERT IGNORE INTO badge_affiliation (badge_filename, affiliation_name) VALUES ("Retail-Sign-G-(Qualor-II).png", "Qualor II");
INSERT IGNORE INTO badge_type (badge_filename, type_name) VALUES ("Retail-Sign-G-(Qualor-II).png", "Sign/Poster");
INSERT IGNORE INTO badge_universe (badge_filename, universe_name) VALUES ("Retail-Sign-G-(Qualor-II).png", "Prime");
INSERT INTO badge_info (badge_name, badge_filename, badge_url, quadrant, time_period, franchise, reference) VALUES ("Targalus IX Currency A", "Targalus-IX-Currency-A.png", "https://www.startrekdesignproject.com/symbols/targalus-ix-currency-a", "Beta", "2300s", "Lower Decks", "S05E02 Shades of Green");
INSERT IGNORE INTO badge_affiliation (badge_filename, affiliation_name) VALUES ("Targalus-IX-Currency-A.png", "Targalus IX");
INSERT IGNORE INTO badge_type (badge_filename, type_name) VALUES ("Targalus-IX-Currency-A.png", "Commerce");
INSERT IGNORE INTO badge_universe (badge_filename, universe_name) VALUES ("Targalus-IX-Currency-A.png", "Prime");
INSERT INTO badge_info (badge_name, badge_filename, badge_url, quadrant, time_period, franchise, reference) VALUES ("Qowat Milat", "Qowat-Milat.png", "https://www.startrekdesignproject.com/symbols/qowat-milat", "Alpha", "2400s", "Discovery", "S04E03 Choose to Live");
INSERT IGNORE INTO badge_affiliation (badge_filename, affiliation_name) VALUES ("Qowat-Milat.png", "Romulan Star Empire");
INSERT IGNORE INTO badge_type (badge_filename, type_name) VALUES ("Qowat-Milat.png", "Insignia");
INSERT IGNORE INTO badge_universe (badge_filename, universe_name) VALUES ("Qowat-Milat.png", "Prime");
INSERT INTO badge_info (badge_name, badge_filename, badge_url, quadrant, time_period, franchise, reference) VALUES ("T'Lyn's Hair Tonic", "T'Lyn's-Hair-Tonic.png", "https://www.startrekdesignproject.com/symbols/t-lyn-s-hair-tonic", "Beta", "2300s", "Lower Decks", "S05E07 Fully Dilated");
INSERT IGNORE INTO badge_type (badge_filename, type_name) VALUES ("T'Lyn's-Hair-Tonic.png", "Product");
INSERT IGNORE INTO badge_type (badge_filename, type_name) VALUES ("T'Lyn's-Hair-Tonic.png", "Commerce");
INSERT IGNORE INTO badge_universe (badge_filename, universe_name) VALUES ("T'Lyn's-Hair-Tonic.png", "Prime");
INSERT INTO badge_info (badge_name, badge_filename, badge_url, quadrant, time_period, franchise, reference) VALUES ("Picard Coat of Arms", "Picard-Coat-of-Arms.png", "https://www.startrekdesignproject.com/symbols/picard-coat-of-arms", "Alpha", "1700s", "Movies", "Star Trek Generations");
INSERT IGNORE INTO badge_affiliation (badge_filename, affiliation_name) VALUES ("Picard-Coat-of-Arms.png", "Earth");
INSERT IGNORE INTO badge_type (badge_filename, type_name) VALUES ("Picard-Coat-of-Arms.png", "Seal/Shield");
INSERT IGNORE INTO badge_universe (badge_filename, universe_name) VALUES ("Picard-Coat-of-Arms.png", "Prime");
INSERT INTO badge_info (badge_name, badge_filename, badge_url, quadrant, time_period, franchise, reference) VALUES ("Risian Ski Sign B", "Risian-Ski-Sign-B.png", "https://www.startrekdesignproject.com/symbols/risian-ski-sign-b", "Alpha", "2300s", "Lower Decks", "S05E03 The Best Exotic Nanite Hotel");
INSERT IGNORE INTO badge_affiliation (badge_filename, affiliation_name) VALUES ("Risian-Ski-Sign-B.png", "Risa");
INSERT IGNORE INTO badge_type (badge_filename, type_name) VALUES ("Risian-Ski-Sign-B.png", "Advisory");
INSERT IGNORE INTO badge_type (badge_filename, type_name) VALUES ("Risian-Ski-Sign-B.png", "Sign/Poster");
INSERT IGNORE INTO badge_type (badge_filename, type_name) VALUES ("Risian-Ski-Sign-B.png", "Sports");
INSERT IGNORE INTO badge_universe (badge_filename, universe_name) VALUES ("Risian-Ski-Sign-B.png", "Prime");
INSERT INTO badge_info (badge_name, badge_filename, badge_url, quadrant, time_period, franchise, reference) VALUES ("Risian Ski Sign A", "Risian-Ski-Sign-A.png", "https://www.startrekdesignproject.com/symbols/risian-ski-sign-a", "Alpha", "2300s", "Lower Decks", "S05E03 The Best Exotic Nanite Hotel");
INSERT IGNORE INTO badge_affiliation (badge_filename, affiliation_name) VALUES ("Risian-Ski-Sign-A.png", "Risa");
INSERT IGNORE INTO badge_type (badge_filename, type_name) VALUES ("Risian-Ski-Sign-A.png", "Advisory");
INSERT IGNORE INTO badge_type (badge_filename, type_name) VALUES ("Risian-Ski-Sign-A.png", "Sign/Poster");
INSERT IGNORE INTO badge_universe (badge_filename, universe_name) VALUES ("Risian-Ski-Sign-A.png", "Prime");
INSERT INTO badge_info (badge_name, badge_filename, badge_url, quadrant, time_period, franchise, reference) VALUES ("Starbase 80 Corndogs B", "Starbase-80-Corndogs-B.png", "https://www.startrekdesignproject.com/symbols/starbase-80-corndogs-b", "Beta", "2300s", "Lower Decks", "S05E05 Starbase 80?!");
INSERT IGNORE INTO badge_affiliation (badge_filename, affiliation_name) VALUES ("Starbase-80-Corndogs-B.png", "Starfleet");
INSERT IGNORE INTO badge_type (badge_filename, type_name) VALUES ("Starbase-80-Corndogs-B.png", "Commerce");
INSERT IGNORE INTO badge_type (badge_filename, type_name) VALUES ("Starbase-80-Corndogs-B.png", "Sign/Poster");
INSERT IGNORE INTO badge_type (badge_filename, type_name) VALUES ("Starbase-80-Corndogs-B.png", "Product");
INSERT IGNORE INTO badge_universe (badge_filename, universe_name) VALUES ("Starbase-80-Corndogs-B.png", "Prime");
INSERT INTO badge_info (badge_name, badge_filename, badge_url, quadrant, time_period, franchise, reference) VALUES ("Starbase 80 Corndogs A", "Starbase-80-Corndogs-A.png", "https://www.startrekdesignproject.com/symbols/starbase-80-corndogs-a", "Beta", "2300s", "Lower Decks", "S05E05 Starbase 80?!");
INSERT IGNORE INTO badge_affiliation (badge_filename, affiliation_name) VALUES ("Starbase-80-Corndogs-A.png", "Starfleet");
INSERT IGNORE INTO badge_type (badge_filename, type_name) VALUES ("Starbase-80-Corndogs-A.png", "Commerce");
INSERT IGNORE INTO badge_type (badge_filename, type_name) VALUES ("Starbase-80-Corndogs-A.png", "Sign/Poster");
INSERT IGNORE INTO badge_type (badge_filename, type_name) VALUES ("Starbase-80-Corndogs-A.png", "Product");
INSERT IGNORE INTO badge_universe (badge_filename, universe_name) VALUES ("Starbase-80-Corndogs-A.png", "Prime");
INSERT INTO badge_info (badge_name, badge_filename, badge_url, quadrant, time_period, franchise, reference) VALUES ("Targalus IX T-Shirt B", "Targalus-IX-T-Shirt-B.png", "https://www.startrekdesignproject.com/symbols/targalus-ix-t-shirt-b", "Beta", "2300s", "Lower Decks", "S05E02 Shades of Green");
INSERT IGNORE INTO badge_affiliation (badge_filename, affiliation_name) VALUES ("Targalus-IX-T-Shirt-B.png", "Targalus IX");
INSERT IGNORE INTO badge_type (badge_filename, type_name) VALUES ("Targalus-IX-T-Shirt-B.png", "Product");
INSERT IGNORE INTO badge_universe (badge_filename, universe_name) VALUES ("Targalus-IX-T-Shirt-B.png", "Prime");
INSERT INTO badge_info (badge_name, badge_filename, badge_url, quadrant, time_period, franchise, reference) VALUES ("Targalus IX T-Shirt A", "Targalus-IX-T-Shirt-A.png", "https://www.startrekdesignproject.com/symbols/targalus-ix-tsshirt-a", "Beta", "2300s", "Lower Decks", "S05E02 Shades of Green");
INSERT IGNORE INTO badge_affiliation (badge_filename, affiliation_name) VALUES ("Targalus-IX-T-Shirt-A.png", "Targalus IX");
INSERT IGNORE INTO badge_type (badge_filename, type_name) VALUES ("Targalus-IX-T-Shirt-A.png", "Product");
INSERT IGNORE INTO badge_universe (badge_filename, universe_name) VALUES ("Targalus-IX-T-Shirt-A.png", "Prime");
INSERT INTO badge_info (badge_name, badge_filename, badge_url, quadrant, time_period, franchise, reference) VALUES ("Klingon Khitomer Banner", "Klingon-Khitomer-Banner.png", "https://www.startrekdesignproject.com/symbols/klingon-khitomer-banner", "Beta", "2200s", "Movies", "Star Trek VI: The Undiscovered Country");
INSERT IGNORE INTO badge_affiliation (badge_filename, affiliation_name) VALUES ("Klingon-Khitomer-Banner.png", "Klingon Empire");
INSERT IGNORE INTO badge_affiliation (badge_filename, affiliation_name) VALUES ("Klingon-Khitomer-Banner.png", "Khitomer");
INSERT IGNORE INTO badge_type (badge_filename, type_name) VALUES ("Klingon-Khitomer-Banner.png", "Flag/Banner");
INSERT IGNORE INTO badge_universe (badge_filename, universe_name) VALUES ("Klingon-Khitomer-Banner.png", "Prime");
INSERT INTO badge_info (badge_name, badge_filename, badge_url, quadrant, time_period, franchise, reference) VALUES ("Astro Medicine Ward 4", "Astro-Medicine-Ward-4.png", "https://www.startrekdesignproject.com/symbols/astro-medicine-ward-4", "Beta", "2300s", "Lower Decks", "S05E05 Starbase 80?!");
INSERT IGNORE INTO badge_affiliation (badge_filename, affiliation_name) VALUES ("Astro-Medicine-Ward-4.png", "Starfleet");
INSERT IGNORE INTO badge_affiliation (badge_filename, affiliation_name) VALUES ("Astro-Medicine-Ward-4.png", "Starbase 80");
INSERT IGNORE INTO badge_type (badge_filename, type_name) VALUES ("Astro-Medicine-Ward-4.png", "Sign/Poster");
INSERT IGNORE INTO badge_universe (badge_filename, universe_name) VALUES ("Astro-Medicine-Ward-4.png", "Prime");
INSERT INTO badge_info (badge_name, badge_filename, badge_url, quadrant, time_period, franchise, reference) VALUES ("Krog", "Krog.png", "https://www.startrekdesignproject.com/symbols/krog", "Alpha", "2300s", "Lower Decks", "S05E03 The Best Exotic Nanite Hotel");
INSERT IGNORE INTO badge_type (badge_filename, type_name) VALUES ("Krog.png", "Commerce");
INSERT IGNORE INTO badge_universe (badge_filename, universe_name) VALUES ("Krog.png", "Prime");
INSERT INTO badge_info (badge_name, badge_filename, badge_url, quadrant, time_period, franchise, reference) VALUES ("Self Destruct Aborted", "Self-Destruct-Aborted.png", "https://www.startrekdesignproject.com/symbols/self-destruct-aborted", "Alpha", "2300s", "Lower Decks", "S05E05 Starbase 80?!");
INSERT IGNORE INTO badge_affiliation (badge_filename, affiliation_name) VALUES ("Self-Destruct-Aborted.png", "Starfleet");
INSERT IGNORE INTO badge_type (badge_filename, type_name) VALUES ("Self-Destruct-Aborted.png", "Advisory");
INSERT IGNORE INTO badge_universe (badge_filename, universe_name) VALUES ("Self-Destruct-Aborted.png", "Prime");
INSERT INTO badge_info (badge_name, badge_filename, badge_url, quadrant, time_period, franchise, reference) VALUES ("Yulgana IV Market Banner", "Yulgana-IV-Market-Banner.png", "https://www.startrekdesignproject.com/symbols/yulgana-iv-market-banner", "Alpha", "2300s", "Lower Decks", "S03E05 Reflections");
INSERT IGNORE INTO badge_type (badge_filename, type_name) VALUES ("Yulgana-IV-Market-Banner.png", "Sign/Poster");
INSERT IGNORE INTO badge_universe (badge_filename, universe_name) VALUES ("Yulgana-IV-Market-Banner.png", "Prime");
INSERT INTO badge_info (badge_name, badge_filename, badge_url, quadrant, time_period, franchise, reference) VALUES ("Starbase 80 Bar B", "Starbase-80-Bar-B.png", "https://www.startrekdesignproject.com/symbols/starbase-80-bar-b", "Beta", "2300s", "Lower Decks", "S05E09 Fissure Quest");
INSERT IGNORE INTO badge_affiliation (badge_filename, affiliation_name) VALUES ("Starbase-80-Bar-B.png", "Starbase 80");
INSERT IGNORE INTO badge_affiliation (badge_filename, affiliation_name) VALUES ("Starbase-80-Bar-B.png", "Starfleet");
INSERT IGNORE INTO badge_type (badge_filename, type_name) VALUES ("Starbase-80-Bar-B.png", "Commerce");
INSERT IGNORE INTO badge_type (badge_filename, type_name) VALUES ("Starbase-80-Bar-B.png", "Sign/Poster");
INSERT IGNORE INTO badge_universe (badge_filename, universe_name) VALUES ("Starbase-80-Bar-B.png", "Prime");
INSERT INTO badge_info (badge_name, badge_filename, badge_url, quadrant, time_period, franchise, reference) VALUES ("Starbase 80 Bar A", "Starbase-80-Bar-A.png", "https://www.startrekdesignproject.com/symbols/starbase-80-bar-a", "Beta", "2300s", "None", "S05E09 Fissure Quest");
INSERT IGNORE INTO badge_affiliation (badge_filename, affiliation_name) VALUES ("Starbase-80-Bar-A.png", "Starfleet");
INSERT IGNORE INTO badge_affiliation (badge_filename, affiliation_name) VALUES ("Starbase-80-Bar-A.png", "Starbase 80");
INSERT IGNORE INTO badge_type (badge_filename, type_name) VALUES ("Starbase-80-Bar-A.png", "Commerce");
INSERT IGNORE INTO badge_type (badge_filename, type_name) VALUES ("Starbase-80-Bar-A.png", "Sign/Poster");
INSERT IGNORE INTO badge_universe (badge_filename, universe_name) VALUES ("Starbase-80-Bar-A.png", "Prime");
INSERT INTO badge_info (badge_name, badge_filename, badge_url, quadrant, time_period, franchise, reference) VALUES ("Risian Sunscreen", "Risian-Sunscreen.png", "https://www.startrekdesignproject.com/symbols/risian-sunscreen", "Alpha", "2300s", "Lower Decks", "S05E03 The Best Exotic Nanite Hotel");
INSERT IGNORE INTO badge_affiliation (badge_filename, affiliation_name) VALUES ("Risian-Sunscreen.png", "Risa");
INSERT IGNORE INTO badge_type (badge_filename, type_name) VALUES ("Risian-Sunscreen.png", "Commerce");
INSERT IGNORE INTO badge_universe (badge_filename, universe_name) VALUES ("Risian-Sunscreen.png", "Prime");
INSERT INTO badge_info (badge_name, badge_filename, badge_url, quadrant, time_period, franchise, reference) VALUES ("Sullivan's Pub", "Sullivan's-Pub.png", "https://www.startrekdesignproject.com/symbols/sullivan-s", "Other", "2300s", "Voyager", "S06E11 Fair Haven");
INSERT IGNORE INTO badge_affiliation (badge_filename, affiliation_name) VALUES ("Sullivan's-Pub.png", "Holodeck");
INSERT IGNORE INTO badge_affiliation (badge_filename, affiliation_name) VALUES ("Sullivan's-Pub.png", "Fair Haven");
INSERT IGNORE INTO badge_type (badge_filename, type_name) VALUES ("Sullivan's-Pub.png", "Sign/Poster");
INSERT IGNORE INTO badge_type (badge_filename, type_name) VALUES ("Sullivan's-Pub.png", "Commerce");
INSERT IGNORE INTO badge_universe (badge_filename, universe_name) VALUES ("Sullivan's-Pub.png", "Prime");
INSERT INTO badge_info (badge_name, badge_filename, badge_url, quadrant, time_period, franchise, reference) VALUES ("Orion Syndicate Chamber Banner F", "Orion-Syndicate-Chamber-Banner-F.png", "https://www.startrekdesignproject.com/symbols/orion-syndicate-chamber-banner-f", "Alpha", "2300s", "Lower Decks", "S05E02 Shades of Green");
INSERT IGNORE INTO badge_affiliation (badge_filename, affiliation_name) VALUES ("Orion-Syndicate-Chamber-Banner-F.png", "Orion");
INSERT IGNORE INTO badge_type (badge_filename, type_name) VALUES ("Orion-Syndicate-Chamber-Banner-F.png", "Flag/Banner");
INSERT IGNORE INTO badge_universe (badge_filename, universe_name) VALUES ("Orion-Syndicate-Chamber-Banner-F.png", "Prime");
INSERT INTO badge_info (badge_name, badge_filename, badge_url, quadrant, time_period, franchise, reference) VALUES ("Orion Syndicate Chamber Banner E", "Orion-Syndicate-Chamber-Banner-E.png", "https://www.startrekdesignproject.com/symbols/orion-syndicate-chamber-banner-e", "Alpha", "2300s", "Lower Decks", "S05E02 Shades of Green");
INSERT IGNORE INTO badge_affiliation (badge_filename, affiliation_name) VALUES ("Orion-Syndicate-Chamber-Banner-E.png", "Orion");
INSERT IGNORE INTO badge_type (badge_filename, type_name) VALUES ("Orion-Syndicate-Chamber-Banner-E.png", "Flag/Banner");
INSERT IGNORE INTO badge_universe (badge_filename, universe_name) VALUES ("Orion-Syndicate-Chamber-Banner-E.png", "Prime");
INSERT INTO badge_info (badge_name, badge_filename, badge_url, quadrant, time_period, franchise, reference) VALUES ("Orion Syndicate Chamber Banner D", "Orion-Syndicate-Chamber-Banner-D.png", "https://www.startrekdesignproject.com/symbols/orion-syndicate-chamber-banner-d", "Alpha", "2300s", "Lower Decks", "S05E02 Shades of Green");
INSERT IGNORE INTO badge_affiliation (badge_filename, affiliation_name) VALUES ("Orion-Syndicate-Chamber-Banner-D.png", "Orion");
INSERT IGNORE INTO badge_type (badge_filename, type_name) VALUES ("Orion-Syndicate-Chamber-Banner-D.png", "Flag/Banner");
INSERT IGNORE INTO badge_universe (badge_filename, universe_name) VALUES ("Orion-Syndicate-Chamber-Banner-D.png", "Prime");
INSERT INTO badge_info (badge_name, badge_filename, badge_url, quadrant, time_period, franchise, reference) VALUES ("Orion Syndicate Chamber Banner C", "Orion-Syndicate-Chamber-Banner-C.png", "https://www.startrekdesignproject.com/symbols/orion-syndicate-chamber-banner-c", "Alpha", "2300s", "Lower Decks", "S05E02 Shades of Green");
INSERT IGNORE INTO badge_affiliation (badge_filename, affiliation_name) VALUES ("Orion-Syndicate-Chamber-Banner-C.png", "Orion");
INSERT IGNORE INTO badge_type (badge_filename, type_name) VALUES ("Orion-Syndicate-Chamber-Banner-C.png", "Flag/Banner");
INSERT IGNORE INTO badge_universe (badge_filename, universe_name) VALUES ("Orion-Syndicate-Chamber-Banner-C.png", "Prime");
INSERT INTO badge_info (badge_name, badge_filename, badge_url, quadrant, time_period, franchise, reference) VALUES ("Orion Syndicate Chamber Banner B", "Orion-Syndicate-Chamber-Banner-B.png", "https://www.startrekdesignproject.com/symbols/orion-syndicate-chamber-banner-b", "Alpha", "2300s", "Lower Decks", "S05E02 Shades of Green");
INSERT IGNORE INTO badge_affiliation (badge_filename, affiliation_name) VALUES ("Orion-Syndicate-Chamber-Banner-B.png", "Orion");
INSERT IGNORE INTO badge_type (badge_filename, type_name) VALUES ("Orion-Syndicate-Chamber-Banner-B.png", "Flag/Banner");
INSERT IGNORE INTO badge_universe (badge_filename, universe_name) VALUES ("Orion-Syndicate-Chamber-Banner-B.png", "Prime");
INSERT INTO badge_info (badge_name, badge_filename, badge_url, quadrant, time_period, franchise, reference) VALUES ("Orion Syndicate Chamber Banner A", "Orion-Syndicate-Chamber-Banner-A.png", "https://www.startrekdesignproject.com/symbols/orion-syndicate-chamber-banner-a", "Alpha", "2300s", "Lower Decks", "S05E02 Shades of Green");
INSERT IGNORE INTO badge_affiliation (badge_filename, affiliation_name) VALUES ("Orion-Syndicate-Chamber-Banner-A.png", "Orion");
INSERT IGNORE INTO badge_type (badge_filename, type_name) VALUES ("Orion-Syndicate-Chamber-Banner-A.png", "Flag/Banner");
INSERT IGNORE INTO badge_universe (badge_filename, universe_name) VALUES ("Orion-Syndicate-Chamber-Banner-A.png", "Prime");
INSERT INTO badge_info (badge_name, badge_filename, badge_url, quadrant, time_period, franchise, reference) VALUES ("Anbo jyutsu Banner", "Anbo-jyutsu-Banner.png", "https://www.startrekdesignproject.com/symbols/anbo-jyutsu-banner", "Alpha", "2300s", "The Next Generation", "S02E14  The Icarus Factor");
INSERT IGNORE INTO badge_affiliation (badge_filename, affiliation_name) VALUES ("Anbo-jyutsu-Banner.png", "Earth");
INSERT IGNORE INTO badge_type (badge_filename, type_name) VALUES ("Anbo-jyutsu-Banner.png", "Sports");
INSERT IGNORE INTO badge_universe (badge_filename, universe_name) VALUES ("Anbo-jyutsu-Banner.png", "Prime");
INSERT INTO badge_info (badge_name, badge_filename, badge_url, quadrant, time_period, franchise, reference) VALUES ("Anbo-jyutsu B", "Anbo-jyutsu-B.png", "https://www.startrekdesignproject.com/symbols/anbo-jyutsu-b", "Alpha", "2300s", "The Next Generation", "S02E14 The Icarus Factor");
INSERT IGNORE INTO badge_affiliation (badge_filename, affiliation_name) VALUES ("Anbo-jyutsu-B.png", "Earth");
INSERT IGNORE INTO badge_type (badge_filename, type_name) VALUES ("Anbo-jyutsu-B.png", "Sports");
INSERT IGNORE INTO badge_universe (badge_filename, universe_name) VALUES ("Anbo-jyutsu-B.png", "Prime");
INSERT INTO badge_info (badge_name, badge_filename, badge_url, quadrant, time_period, franchise, reference) VALUES ("Shuttle Saavik", "Shuttle-Saavik.png", "https://www.startrekdesignproject.com/symbols/shuttle-saavik", "Alpha", "2400s", "Picard", "S03E02 Disengage");
INSERT IGNORE INTO badge_affiliation (badge_filename, affiliation_name) VALUES ("Shuttle-Saavik.png", "Starfleet");
INSERT IGNORE INTO badge_type (badge_filename, type_name) VALUES ("Shuttle-Saavik.png", "Starship");
INSERT IGNORE INTO badge_universe (badge_filename, universe_name) VALUES ("Shuttle-Saavik.png", "Prime");
INSERT INTO badge_info (badge_name, badge_filename, badge_url, quadrant, time_period, franchise, reference) VALUES ("Starbase 80 Arcade", "Starbase-80-Arcade.png", "https://www.startrekdesignproject.com/symbols/starbase-80-arcade", "Beta", "2300s", "Lower Decks", "S05E09 Fissure Quest");
INSERT IGNORE INTO badge_affiliation (badge_filename, affiliation_name) VALUES ("Starbase-80-Arcade.png", "Starfleet");
INSERT IGNORE INTO badge_type (badge_filename, type_name) VALUES ("Starbase-80-Arcade.png", "Commerce");
INSERT IGNORE INTO badge_universe (badge_filename, universe_name) VALUES ("Starbase-80-Arcade.png", "Prime");
INSERT INTO badge_info (badge_name, badge_filename, badge_url, quadrant, time_period, franchise, reference) VALUES ("Empire TV C", "Empire-TV-C.png", "https://www.startrekdesignproject.com/symbols/empire-tv-c", "Alpha", "2200s", "TOS", "S02E14 Bread and Circuses");
INSERT IGNORE INTO badge_affiliation (badge_filename, affiliation_name) VALUES ("Empire-TV-C.png", "892-IV");
INSERT IGNORE INTO badge_type (badge_filename, type_name) VALUES ("Empire-TV-C.png", "Media");
INSERT IGNORE INTO badge_universe (badge_filename, universe_name) VALUES ("Empire-TV-C.png", "Prime");
INSERT INTO badge_info (badge_name, badge_filename, badge_url, quadrant, time_period, franchise, reference) VALUES ("Fleet Magazine", "Fleet-Magazine.png", "https://www.startrekdesignproject.com/symbols/fleet-magazine", "Alpha", "2300s", "Lower Decks", "S05E01 Dos Cerritos");
INSERT IGNORE INTO badge_affiliation (badge_filename, affiliation_name) VALUES ("Fleet-Magazine.png", "Starfleet");
INSERT IGNORE INTO badge_type (badge_filename, type_name) VALUES ("Fleet-Magazine.png", "Media");
INSERT IGNORE INTO badge_universe (badge_filename, universe_name) VALUES ("Fleet-Magazine.png", "Prime");
INSERT INTO badge_info (badge_name, badge_filename, badge_url, quadrant, time_period, franchise, reference) VALUES ("Minosian High Council", "Minosian-High-Council.png", "https://www.startrekdesignproject.com/symbols/minosia-high-council", "Alpha", "2300s", "Movies", "Star Trek: Section 31)");
INSERT IGNORE INTO badge_type (badge_filename, type_name) VALUES ("Minosian-High-Council.png", "Species/Civilization");
INSERT IGNORE INTO badge_universe (badge_filename, universe_name) VALUES ("Minosian-High-Council.png", "Prime");

UPDATE badge_type SET type_name = "Sign/Poster" WHERE type_name = "Sign-Poster";
COMMIT;